user_id,name,city
1629,Arthur Taylor,NY
1853,Angela Williams,WA
1443,Amy Li,WA
1484,Mary Lee,VA
1630,Robin Chambers,LA
1709,Sandra Jacobson,TX
1551,Andrew Chavez,NY
1369,Christopher Jefferson,WA
1611,Jeffrey Walsh,FL
1918,Scott Brown,CA
1915,Sheila Livingston,NV
1827,Valerie Williams,IN
1089,Melissa Rosales,CA
1069,Eric Herrera,VA
1590,David Sanford,LA
1557,Michael Schneider,TX
1736,Jared Lambert,LA
1058,Thomas Holland,WA
1642,Kelly Morgan,OK
1095,Linda Stephens,IN
1774,Joel Lawson,WA
1157,Amanda Rogers,WA
1114,Daniel Galvan,FL
1119,James Smith,TX
1958,Brittany Johnson,OK
1264,Scott Sanchez,NV
1755,Jeffrey Smith,CA
1291,Michael Harris,CA
1175,Kaylee Jenkins,CA
1312,Monica Ford,WA
1363,Carrie Hubbard,LA
1086,Marvin Benson,CA
1414,Rhonda Brown,VA
1696,Christopher Jones,FL
1491,Timothy Brown,CA
1683,Brittney Lucero MD,NY
1535,Fred Thomas,CA
1552,Christopher Davidson,NV
1008,John Woods,CA
1167,Chad Hall,TX
1282,Jessica Williams,NV
1482,Travis Riggs,NV
1232,Eddie Mckinney,VA
1425,Peggy Newton,OK
1493,Mary Wong,FL
1135,Mrs. Erin Brown,TX
1278,Tracy Ward,NV
1987,Diana David,WA
1335,Carol Mitchell,OK
1108,Nathan Cameron,VA
1845,Christopher Pena,NV
1423,Todd Smith,TX
1096,Stephanie Andersen,FL
1184,Sarah Rivera,IN
1343,Xavier Rice,TX
1301,Katrina Lee,VA
1065,Robin Warner,TX
1088,Nancy Holt,NV
1105,Kevin Mccormick,LA
1972,Elizabeth Murillo,TX
1797,Richard Sullivan,WA
1415,Raymond Shelton,VA
1459,Samantha Brooks,VA
1837,Bruce Giles,WA
1122,Jason Oconnor,NY
1262,Kimberly Carr,LA
1079,Katie Preston,LA
1506,Andre Smith,NV
1508,Jorge Rodriguez,TX
1969,Gary Kelly,WA
1999,Elizabeth Hughes,WA
1646,Victoria Perez,VA
1763,Jeremiah Delacruz,IN
1256,Debra Perez,NV
1720,Christopher Robinson,CA
1222,Brian Terry,IN
1817,Cindy Stewart,TX
1911,Charles Taylor,NV
1365,Megan Patterson,TX
1649,John Cruz,WA
1216,Shannon Briggs,LA
1881,James Gonzalez,WA
1130,Patricia Butler,NV
1635,Jason Perez,NV
1234,Adam Christian,NY
1466,Michael Martinez,NV
1651,Michelle Marquez,TX
1661,Leslie Bailey,CA
1339,Anna Shaffer,LA
1383,Douglas Harris,WA
1030,Jennifer Brown,FL
1296,Matthew Horton,OK
1810,Michael Jacobs,FL
1316,Elizabeth Miller,CA
1873,Mary Neal,NY
1501,Vanessa Morales,OK
1679,Phillip Graham,IN
1015,Raymond Lowe,LA
1695,Michele Davidson,VA
1136,Curtis Pruitt,NV
1368,Rachel Gibson,CA
1814,Ashley Wong,IN
1000,Amanda Zavala,OK
1281,Christian Johnson,CA
1022,Todd Anderson,OK
1107,Taylor Rodriguez,NY
1412,Brandon Park,WA
1931,Gina Ashley,FL
1785,Janice Clark,CA
1400,Stephanie Morse,TX
1650,Katherine Ramsey,LA
1346,Paul Flores,IN
1985,Chelsea Steele,NV
1092,Glenn Lutz,CA
1040,Steven Simmons,FL
1268,Kathryn Wright,IN
1945,Kenneth Allen,IN
1568,Richard Romero,FL
1795,Amber Vasquez,OK
1255,Adam Norris,OK
1499,Mark Clark,NV
1608,Michael Juarez,WA
1033,Amanda Pena,WA
1489,Jeffrey Garcia,WA
1327,Billy Green,VA
1189,Jorge Alexander,CA
1439,Christopher Baker,TX
1686,Renee Hansen,OK
1526,Shelby Christian,TX
1923,Jason Greer,TX
1180,Emily Compton,WA
1948,Eric Frey,LA
1258,Becky French,OK
1587,Edward Griffith,OK
1704,Frank Frey,FL
1882,Janet Arias,WA
1483,Luis Lang Jr.,FL
1953,Allison Mcdaniel,NY
1719,Jacob Allen,CA
1333,Jeffrey Hamilton,NY
1217,Hector Torres,WA
1389,Samuel Johnson,IN
1144,Sabrina Howard,FL
1851,Alfred Dunn,CA
1137,Cindy Martinez,IN
1842,David Garner,NY
1047,Michael Mason,LA
1072,Jennifer Moyer,OK
1920,Allison Ryan,FL
1710,Lisa Hill,TX
1693,Michael Turner,WA
1171,Tara Kelly,CA
1427,Michael Rodgers,CA
1029,Laura Franklin,TX
1112,Karen Hernandez MD,NY
1502,Diane Watson,VA
1311,Dr. Ricky Simmons DDS,IN
1378,Kristen Stewart,IN
1716,Steven Roberts,LA
1562,Cassandra Owens,IN
1503,Robert Silva,FL
1026,Lisa Craig,VA
1313,Alexander Jenkins,IN
1701,Karen Knight,CA
1225,Robert Chavez,OK
1593,Mark Rodriguez,LA
1039,Ariel Wright,NV
1431,Christina Armstrong,NV
1116,Stephanie Orozco,CA
1115,Sarah Daniels,VA
1286,Riley Craig,NV
1860,Charles Miller,CA
1090,Gerald Williamson,FL
1146,Ann Aguirre,LA
1891,Jesse Johnson,FL
1831,Mr. Erik Morrison,NY
1350,Linda Floyd,NY
1598,Andrew Williams,NY
1492,Michelle Smith,TX
1864,Jonathan Marks,IN
1094,Andrew King,WA
1473,Brian Wilson,FL
1109,Chad Andrews,VA
1036,Joseph Miller,NY
1702,Mary Ayala,NV
1871,Derek Allen,OK
1834,Wayne Townsend,NV
1898,Stephanie Robertson,CA
1367,Eddie Martin,LA
1754,Jeff Newman,FL
1456,Dawn Lane,TX
1556,Jim Avery,NY
1407,Daniel Hughes,IN
1728,Michael Macdonald,NV
1393,Rodney Patterson,NV
1497,Christina Kelly,WA
1548,Elizabeth Shields,CA
1139,Kelly Banks,IN
1835,Brian Becker,CA
1153,Duane Garcia,CA
1840,Angela Gray,FL
1954,Marie Smith,TX
1801,Clifford Hess,OK
1758,Stephen Doyle,VA
1020,Matthew Vasquez,TX
1604,Jonathan Willis,NV
1586,Jasmine Jones,NV
1685,Courtney Bailey,LA
1050,Cody Cooper,NY
1966,Jessica Fischer,LA
1733,John Johns,CA
1395,Kim Johnson,NY
1599,Angela Russell,CA
1705,Joe Alvarez,IN
1445,Jay Clark,NY
1354,Shane Patterson,FL
1819,Brent Cummings,IN
1345,Natalie Brown,NV
1811,Richard Barry,NY
1193,Carrie Davis,WA
1396,Bryan Robles,NY
1996,Mark Smith,NY
1236,Sean Ingram,CA
1768,William Ochoa,FL
1355,Peter Hernandez,LA
1852,Brandon Robinson,NV
1989,Cynthia Crane,LA
1648,Debbie Moore,LA
1706,Roger Carlson,IN
1419,Jimmy Vargas,OK
1195,Morgan Richardson,FL
1485,Madison Wilkins,LA
1126,Gloria King,NV
1813,Chase Reed,LA
1382,Jeffrey Fox,OK
1411,Martha Anderson,TX
1024,Nicholas Hernandez Jr.,OK
1874,John Freeman,WA
1912,Jimmy Kent,OK
1525,Maria Jones,VA
1532,Paul Perry,WA
1032,Stephen Chavez PhD,IN
1846,Ernest Avila,NV
1793,Christopher Patterson,NV
1380,Nancy Thomas,OK
1068,Shirley Smith,WA
1744,Shawn Taylor,VA
1279,Taylor Bennett,CA
1752,Paul Johnson,TX
1769,Thomas Thomas,NV
1025,Maria Sandoval,LA
1266,Kathryn Lopez,NY
1847,Aaron Burnett,OK
1366,Michael Gentry,VA
1307,Joyce Moore,OK
1929,Tina Ballard,TX
1523,Belinda Gonzalez,OK
1140,Jamie Richards,OK
1658,Rebecca Huffman,NY
1252,Kevin Warren,NY
1613,Madison Morales,CA
1950,Danielle Jenkins,TX
1413,Paul Boone,OK
1102,Isaiah Schmidt,NY
1292,Margaret Hunt,TX
1528,Stephanie Roberson,TX
1168,Susan Knight,CA
1027,Keith Elliott,IN
1309,Joseph Cochran,IN
1042,Rebecca Davis,NY
1750,John Joseph,NV
1166,Christopher Miller,FL
1265,Keith May,TX
1438,Tammy Arnold,NV
1271,Anna Martinez,TX
1939,Richard Myers,WA
1699,Eduardo Collier,WA
1550,Robert Preston,VA
1544,James Jackson,NY
1192,Michael Thomas,TX
1917,Joshua Mitchell,WA
1156,David Snyder,LA
1766,Margaret Smith,NV
1647,Eric Curtis,FL
1241,Micheal Prince,TX
1607,Michael Sanders,OK
1623,Donald Bennett,WA
1475,Stephanie Martin,NV
1101,Donald Harris,OK
1890,David Sanchez,WA
1841,Tracy Harris,NV
1925,Donald James,NV
1924,Erik Benitez,FL
1538,Heidi Brown,WA
1242,Nicole Jones,NY
1697,Jeff Olson,LA
1773,Jeremy Osborn,NY
1770,David Williams,CA
1417,Jerome Mcdaniel,NV
1348,Austin Turner,FL
1064,Ariana Hickman,LA
1511,Sharon Buchanan,WA
1053,Gloria Brown,WA
1531,Doris Grimes,WA
1723,Jermaine Miller,NY
1297,Kevin Allen,VA
1231,Julia Stewart,IN
1259,Michael Carey,OK
1227,Bruce Peters,NV
1631,Gabriela Collins,NV
1633,Jeffrey Estrada,OK
1718,Michael Moore,FL
1677,Nathaniel Rose,OK
1444,Jerry Wall DDS,NY
1669,Angel Smith,OK
1409,William Woods,CA
1567,Jerry Ramos,OK
1049,Carrie Gonzalez,NV
1855,Tiffany White,VA
1083,William Walker,VA
1713,Diane Church,IN
1520,Natalie Chandler,WA
1507,Colleen Cox,CA
1441,Mark Sharp,TX
1455,Hannah Jordan,WA
1942,Judith Hoffman,CA
1076,Jordan Sandoval,NV
1698,Austin Ramirez,NV
1603,Tracy Melendez,NY
1463,Colleen Sanchez,LA
1149,Anthony Wright,LA
1522,Christine Kelly,TX
1632,Bianca Goodwin,VA
1949,Renee York,TX
1993,David Harrell,NV
1800,Andrew Allen,NV
1435,Michael Romero PhD,OK
1807,Kathleen Sanders,NV
1601,Michael Barnes,LA
1263,Christopher Faulkner,VA
1934,Jessica Miller,LA
1823,Anthony Wilson,IN
1997,Timothy Rivera,NV
1894,Aaron Young,NY
1010,Carmen Mclean,TX
1243,Daniel Jones,NY
1645,Janet Reese,NY
1575,Erin Cline,IN
1141,Barbara Robertson,LA
1201,Alexander Stevens,CA
1129,Heather Murray,WA
1612,Chad Smith,NV
1751,Melissa Fernandez,NV
1707,Christopher Raymond,NY
1293,Glenn Miller,OK
1956,Tara Franklin,NV
1428,William Fleming,VA
1927,Travis Rogers,WA
1358,Carla Roy,NY
1760,Brian Church,VA
1099,Eduardo Chan,NY
1257,Gabriel Arnold,OK
1471,Michael Johnson,NV
1410,Miranda Paul,VA
1573,Teresa Johnson,OK
1442,Todd Silva,CA
1205,Jennifer Graham,NV
1731,Nicholas Herman,NY
1691,Randy Hernandez,LA
1978,Donald Bell,WA
1776,Joseph Schultz,LA
1885,Cheryl Kim,OK
1644,John Hodges,TX
1387,Cindy Estrada,OK
1142,Daniel Knight,WA
1074,Daniel Moore,NY
1273,Michael Curry DVM,LA
1869,Wanda Warren,TX
1118,Aaron Reyes,NY
1437,Tony Ward,WA
1117,Kyle Cox,OK
1529,Matthew Delgado,NV
1968,Kayla Holden,NY
1183,Mrs. Dawn Jones DDS,CA
1518,Kevin Jackson,NV
1712,Brianna Mcmahon,VA
1174,Matthew Huffman,OK
1777,Veronica Sellers,CA
1238,Aaron Douglas,CA
1725,Patricia Oliver,NY
1726,Derek Marquez,OK
1717,Tristan Wells,WA
1452,Kerry Chan,OK
1148,Patrick Roberts,LA
1663,Cynthia Livingston,LA
1028,Xavier Price,LA
1056,Terry Frye,WA
1636,Michelle Johnson,CA
1761,Andrew Delgado Jr.,VA
1580,Ashley Moore,CA
1436,Phillip Wilson,IN
1432,Christina Miller,WA
1857,Mary Morton,WA
1780,Joshua Lynch,OK
1668,Mr. Andrew Potter,FL
1347,Heather Brown,OK
1960,Patricia Watkins,WA
1803,Cody Cunningham,FL
1930,Melinda Lewis,OK
1070,Kelly Hanson,CA
1019,Brendan Sims,WA
1979,Crystal Gutierrez,IN
1832,Peter Jennings,LA
1878,Jill Preston,CA
1317,Joseph Lopez,WA
1625,Dennis Herrera,VA
1206,Keith Bradshaw,LA
1176,Joseph Woods,NY
1181,Andrea Fuentes,FL
1179,Laurie Wise,FL
1940,Lisa Brown,CA
1229,Rebecca Wells,LA
1405,Brian Berry,NY
1581,Dana Leonard,CA
1822,Marvin Ruiz,LA
1627,Tommy Baker,LA
1324,Mrs. Denise Mccoy,NV
1326,Vincent Kemp,NV
1790,Christina Dougherty,NY
1418,Sarah Harris,OK
1670,Patricia Walker,VA
1787,Cindy Burch,WA
1570,Tony Gibson,FL
1329,Paul Barrera,NV
1895,Jorge Jenkins,VA
1830,Jennifer Vasquez,VA
1588,Nicholas Rodriguez,TX
1191,Timothy Mercado,NV
1886,Sarah Johnson,NV
1269,Nicole Porter,NV
1681,Emily Pope,NY
1936,Stephanie Aguilar,VA
1290,Kristen Moody,CA
1610,Michelle Navarro,WA
1169,Tonya Huang,NV
1321,Michael Moss,TX
1727,Brian Harrington,VA
1615,Jeffrey Kemp,WA
1082,Robin Morris,FL
1684,Chad Skinner,TX
1592,Joshua Porter,CA
1260,Victoria Contreras,NV
1621,Eric Martin,FL
1173,Erin Mclaughlin,CA
1143,George King,IN
1660,Laurie Hill,NV
1749,Jennifer Rivers,NY
1110,Christopher Perez,NV
1980,Janice Whitaker,NY
1401,Kyle Wright,OK
1394,Henry Mendez,TX
1398,William Hartman Jr.,NV
1159,Jeffrey Myers,IN
1809,David Mcgee,OK
1687,Kimberly Luna,IN
1870,Lauren Walker,IN
1392,Michelle Williams,CA
1467,Dr. Francis Paul,TX
1639,Nancy Chambers,VA
1408,Brian Bolton,OK
1655,Jose Mcdonald,TX
1007,Jeffrey Taylor,TX
1440,Jacob Kramer,TX
1762,Elizabeth Lawrence,NV
1676,Kevin Hines,CA
1037,Shawn Porter,WA
1364,Timothy Malone,CA
1280,Dennis Harris,VA
1308,Erin Davis,LA
1981,Michael Benton,OK
1172,Randy Thompson,WA
1784,Joshua Freeman,NV
1622,Robin Dunn,OK
1004,Jennifer Gordon,FL
1334,Christian Brown,LA
1018,Steven Baker,LA
1964,Christopher Lindsey,IN
1052,Kristine Hayes,NY
1818,Kristin Mckenzie,WA
1145,Tammy Adams,IN
1584,Gerald Delacruz,VA
1009,Steven Miller,WA
1537,Allen Parrish,IN
1453,Amanda Wall,OK
1591,Brian Davis,LA
1204,Stephen Murphy,IN
1433,Michael Mcmillan,FL
1926,Richard Phillips,IN
1542,Larry Navarro,NY
1877,Kevin Schultz,LA
1866,David Jackson,OK
1815,Ronald Johnston,FL
1849,Dawn Hamilton,NY
1384,Kristina Durham,TX
1732,Mary Robles,IN
1585,Noah Reynolds,WA
1310,Robert Floyd,OK
1838,Dawn Cruz,CA
1379,Christopher Barron,OK
1824,Mr. John Tucker MD,LA
1913,Timothy Valdez,IN
1270,Ellen Robertson,IN
1237,Monica Rodriguez,WA
1678,Joseph Koch,CA
1879,George Obrien,OK
1515,Nathan Daniels,FL
1863,Erin Rowe,LA
1745,Brandon Stewart,NV
1450,Randy King,NV
1272,Shannon Stokes,OK
1341,Crystal Perry,VA
1100,Jackie Mckenzie,LA
1391,Kenneth Gardner,NY
1986,Melissa Rivera,TX
1798,James Sparks,WA
1828,Tina Rodriguez,IN
1905,Larry Sparks,FL
1059,Billy Mcconnell,OK
1617,Eric Wilcox,NY
1060,Jeremy Gonzalez,TX
1576,Michael Sanchez,NV
1353,Jeremy Montgomery,NV
1111,Ryan Flores,OK
1424,David Massey,NY
1984,Donna Davis,FL
1789,Brian Kirk,FL
1239,Omar Lin,IN
1200,Kevin Coffey,FL
1420,Ashley Peters,TX
1825,Cynthia Rodriguez,NY
1302,Lindsey Davidson,OK
1478,Melissa Thomas,NV
1722,Timothy Bennett,VA
1990,Rachel Osborne,VA
1821,Elizabeth Schneider,NV
1046,Dale Sanford,WA
1406,Andrew Gordon,OK
1067,Jonathan Hunt MD,LA
1545,David Gomez,NY
1233,Shawn Hall,NY
1595,Barry Fisher,TX
1563,Shannon Gonzalez,IN
1360,Robert Harris,NV
1662,Jeffrey Bauer,OK
1675,Christopher Oliver,OK
1983,Kimberly Cox,CA
1342,Jordan Cardenas,OK
1228,Scott Anderson,LA
1521,Karen Welch,OK
1961,Carla Hudson,OK
1223,Matthew Ferguson,OK
1933,Joanna Simon,FL
1554,Brandon Lowery,CA
1771,Crystal Preston,VA
1208,Nicole Mendez,VA
1021,Andrew Shepard,VA
1856,Michael Gay,NV
1001,Dr. Elizabeth Webb,VA
1893,Michael Porter,FL
1908,Anne Brown,OK
1638,Beverly Massey,OK
1304,Douglas Sanchez,FL
1469,Jennifer Lee,WA
1909,Bruce Reyes,NY
1073,Diana Keller,OK
1235,Lisa Nelson,IN
1910,Melissa Anderson,IN
1826,Oscar Wyatt,IN
1214,Jenny Larson,CA
1495,Hector Hamilton,FL
1788,Kristina Welch,FL
1737,Andrea Ballard,NV
1041,Nathaniel Clark,WA
1318,Jason Morrison,NV
1077,William Wade,WA
1671,William King,FL
1331,Johnny Lee,FL
1558,Paul Beltran,NV
1474,Donald Goodman,IN
1740,Michael Molina,NV
1093,Heather Robbins,IN
1844,Larry Krause,FL
1034,Anthony Miller,IN
1602,Michael Reyes,IN
1634,Shannon Lewis,NV
1919,Daniel Baker,NV
1786,Michelle Green,TX
1666,Michael Smith,FL
1906,Marcus Patterson,NV
1653,Eric Adams,TX
1016,Jennifer Liu,IN
1799,Brenda Harper,CA
1230,Timothy Evans,IN
1509,Robert Little,LA
1779,Gregory Hudson,FL
1196,Heather Fitzgerald DVM,CA
1336,Dustin Hernandez,OK
1210,Glenn Wiggins,TX
1359,Peter Davis,OK
1013,Scott Mitchell,TX
1306,Vincent Long,OK
1284,Jerry Brown,OK
1796,Cody Daniels,NV
1748,Michelle Nichols,VA
1899,Shane Thomas,OK
1680,Steven Bird,VA
1134,Richard Nunez,LA
1470,Reginald Reese,NY
1494,Mark Mills,NY
1975,Amy Williams,FL
1051,Brandy Hayes,FL
1530,Lauren Martinez,NY
1048,Kevin Watts,IN
1903,Danny Potts,VA
1546,Patricia Turner,LA
1571,Johnny Johnson,CA
1889,Autumn Mccoy,WA
1564,Timothy Huynh,VA
1451,Timothy Horne,TX
1829,Terry Black,CA
1640,Jennifer Turner,NV
1468,Cristina Hines,TX
1035,Laurie Baker,WA
1104,Dylan Curry,CA
1952,Nancy Dominguez,WA
1808,Melissa Aguilar,IN
1361,James Hooper,TX
1574,Benjamin Duffy DVM,NY
1043,Amber Lee,NV
1524,Matthew Velasquez,TX
1337,Jill Anderson,LA
1692,Emily Estrada,NV
1063,Caitlyn Jones,CA
1454,Hector Martin,TX
1555,Matthew Vega,OK
1682,Denise Buckley,NY
1739,Mr. Jeffrey Price,WA
1202,Alejandro Hubbard,CA
1248,Charles Howard,VA
1995,Kimberly Ortiz,NY
1738,Kathryn Hurst,IN
1730,Kayla Jacobson,WA
1295,David Robertson,TX
1616,John Hubbard,NY
1458,Jeffrey Palmer,CA
1988,Jessica Barron,TX
1711,Devin Wheeler,FL
1843,Mariah Williams,NV
1791,Kristine Grant,WA
1600,James Jones,NY
1289,Brittany Ramirez,NY
1540,Stephen Beck,VA
1017,Jennifer Parks,TX
1965,Aimee Perry,NV
1673,Kathryn Oconnor,LA
1240,Samantha Espinoza DVM,IN
1512,Brian Young,NY
1583,Tara Baker,FL
1946,Jessica Ellis,IN
1127,Aaron Allen,OK
1778,Luis Dunn,LA
1448,Mary Jenkins,WA
1319,Christopher Hernandez,VA
1155,Miss Theresa Leonard,VA
1553,Paige Brown,OK
1757,Amanda Peterson,IN
1199,Mitchell White,NV
1764,Scott Black,WA
1667,Brian Griffith,OK
1078,Michael Perez,NY
1186,Christine Stanley,CA
1547,Kimberly Webster,TX
1708,Sean Jimenez,LA
1274,Shawn Graham,VA
1839,Luis Barton,NV
1080,Joseph Mack,IN
1626,Tamara Brooks,OK
1207,Edwin Burnett,NY
1533,George Foster,NV
1486,Jennifer Anderson,TX
1549,Gregory Wu,OK
1161,Robert Taylor,FL
1150,Roberto Guerrero,NY
1519,Derek Evans,WA
1534,Thomas Robinson,FL
1340,Nicole Morton,TX
1854,James Clark,FL
1928,James Johnson,NV
1516,Danielle Keith,OK
1765,Andrew Weeks,OK
1982,Lee Stanley,NY
1490,Kathryn Moore,IN
1246,Robert Hudson,NV
1932,Teresa Sheppard,TX
1402,Shane Brown,NY
1325,Karen Lynch,NY
1087,Thomas Grant,NV
1267,Debbie Cox,VA
1688,Sheila Carpenter,FL
1062,Jessica Patterson,TX
1514,Erica Werner,WA
1160,Johnny Lopez,IN
1792,David Lawrence,FL
1125,Elijah Lewis,OK
1689,Sarah Duran,VA
1802,Jessica Rivera,VA
1734,Linda Cooper,TX
1957,Sarah Sosa,NY
1300,Justin Keller,LA
1620,Melissa Garcia,FL
1579,Maria Peters,TX
1370,Mary Hobbs,WA
1628,David Johnson,OK
1976,Michael Daniel,NV
1543,Holly Wise,NY
1247,Adrian Bishop,LA
1434,Mrs. Abigail Baxter MD,LA
1386,Brian Moore,NY
1498,Brittany Green,OK
1285,Dr. Jacqueline Mcguire DVM,NY
1487,Julia Jones,WA
1464,Mrs. Patricia Hernandez MD,VA
1724,Mrs. Maria Jones MD,NV
1510,Taylor Rasmussen,IN
1998,Sara Scott,FL
1220,Bruce Bryant,LA
1221,Mrs. Jennifer Jones DDS,NV
1500,Lori Ramirez,TX
1014,Amber Bender,NV
1967,Jacqueline Carrillo,CA
1916,Kenneth Mcmahon,VA
1103,Cindy Moore,CA
1377,Scott Miller DDS,VA
1388,Stephen Blanchard,VA
1390,Robert Thompson,LA
1131,Maria Bryant,WA
1215,Gabriella Cross,IN
1332,Megan Rodriguez,TX
1002,Jennifer Baldwin,TX
1513,Isaac Lane,LA
1943,Susan Lara,WA
1330,Nancy Wise,LA
1657,Brett Fisher,IN
1714,Caitlin Phillips DDS,WA
1743,Bethany Patterson,OK
1991,Alan Nolan,NV
1188,David Nelson,OK
1578,Nicole Hunter,FL
1320,Lisa Martin,CA
1054,Sean West,VA
1190,Daniel Diaz,NY
1211,Michael Myers,NY
1721,Amy Carter,LA
1700,Amanda Flores,FL
1865,Emily Holt,CA
1867,Brian Ortiz Jr.,FL
1746,Mary Jackson,NY
1219,Erin Smith,FL
1275,Lindsay Davis,WA
1066,Kevin Stevenson,LA
1806,Christina Nelson,WA
1974,Nancy Roberts,TX
1589,David Love,FL
1011,Ricky Macias,FL
1775,Jean Hill,CA
1962,Brenda Dunn,LA
1091,Samuel Pearson,NV
1539,Paul Burke,WA
1970,Timothy Taylor,FL
1959,Emily Allen,WA
1652,Caitlin Garner,NY
1887,Mary Williams,FL
1902,Teresa Williams,LA
1250,Samuel Macdonald,FL
1322,Rickey Anderson,CA
1075,Scott Bush,NY
1254,Jessica Nelson,NV
1152,Deborah Glenn,VA
1305,Kelly Huffman,IN
1674,Savannah Herrera,NV
1606,Carol Hall,NY
1045,Amanda Chapman,CA
1404,Julia Pearson,LA
1465,Brian Mathis,LA
1527,Monica Evans,VA
1947,David Taylor,FL
1328,Andrew Allison,VA
1848,Pamela Leonard,OK
1619,Shannon Gamble,NY
1288,Alex Henderson,LA
1314,Kevin Clark,OK
1476,Mark Johnson,NY
1794,Aaron Kidd,IN
1876,Micheal Gonzalez,TX
1006,Benjamin Nelson,NY
1656,William Lin,NV
1804,Matthew Turner,WA
1213,Gloria Herring,VA
1133,Megan Friedman,WA
1742,Amanda Haynes,FL
1057,Mary Edwards,NV
1560,Andrew Barnes,FL
1875,Tyler Jenkins,FL
1481,Allen Martin,LA
1097,Richard Ibarra,WA
1963,John Davis,LA
1756,Bryan Elliott,FL
1303,Jenny Guerrero,LA
1446,Ryan Little,TX
1922,Daniel Hall,VA
1403,Jennifer Cochran,VA
1422,Jacob Burns,IN
1694,Wendy Thompson,NY
1782,Jennifer Lam,TX
1973,Mrs. Lisa Shaffer,WA
1488,Jenny Webb,OK
1044,Robin Walker,FL
1596,April Mclaughlin,LA
1477,Judy Castillo,TX
1373,Jessica Hernandez,CA
1901,Tonya Cox,OK
1154,Lauren Smith,LA
1541,Sean Ortega,LA
1005,Jonathan Mckinney,LA
1805,Kathryn Smith,NY
1896,David Huber,CA
1729,Nicole Miller,VA
1397,Jaime Tran,OK
1449,Christy Hansen,NY
1941,Dana Christian,WA
1372,James Martinez,NY
1597,Anna Williams,LA
1747,Erica Wood,VA
1245,Jessica Hawkins,IN
1185,Darren Long,VA
1003,Judith Bennett,VA
1374,Jeanette Ross DVM,FL
1812,Todd Tucker,TX
1244,Kathy Abbott,OK
1203,Justin Wilkinson,WA
1572,Christina Lambert,CA
1038,Toni Estrada,WA
1147,Christopher Martin,VA
1429,Amy Clark,LA
1416,Jeremy Allison,OK
1162,Whitney Castillo,VA
1430,Melissa Olson,FL
1344,Jason Oliver,TX
1151,April Goodwin,NV
1182,Sara Walker,TX
1836,Philip Weber,NY
1138,Christine Aguilar,NV
1767,Oscar Conley,FL
1283,Sara Anderson,OK
1399,Lisa Smith,VA
1938,Jonathan Arellano,TX
1106,Todd Hanson,LA
1128,James Solomon,FL
1665,Kathleen Martin DDS,OK
1447,Chelsey Duncan,IN
1715,Jeremiah Lloyd,VA
1536,David Zavala,WA
1132,Anthony Palmer,NY
1672,Yolanda Goodwin,WA
1480,Willie Barber,TX
1031,Cheryl Archer,FL
1624,Justin Sims,LA
1888,Dana Hamilton,LA
1951,David Evans,VA
1741,Elijah Walter,TX
1594,Jesus Rodriguez,LA
1323,Christopher Hanson,LA
1577,David Gardner,OK
1124,Raymond Stuart,TX
1061,Benjamin Pearson,WA
1618,Jessica Sims,CA
1375,Jason Morgan,NV
1921,Sandra Kelly,NY
1084,David Ryan,NY
1376,Erik Wilcox,NY
1421,Molly Singh,LA
1561,Elizabeth White,WA
1426,Richard Munoz,TX
1664,Teresa Ward,FL
1178,Patricia Joseph,VA
1457,Mr. John Anderson,LA
1861,Donna Rivas,TX
1977,Molly Matthews,NV
1194,Nancy Brown,LA
1081,John Zhang,TX
1641,Jonathan Nguyen,FL
1352,John Anthony,OK
1277,Bonnie Welch,NY
1781,Sharon Stewart,FL
1559,Emily Miller PhD,FL
1609,William Bowman,CA
1772,Judith Allen,NY
1504,Lydia Downs,FL
1123,James Herrera,TX
1218,Eugene Lane,IN
1462,Amanda Watson,WA
1880,Melissa Miller,IN
1253,Jacob Collins,LA
1298,Troy Marshall,VA
1605,Jessica Little,TX
1299,Aaron Miller,LA
1703,Kenneth Chavez,IN
1164,Nicholas Brown,NY
1371,Betty Grant,NY
1654,Anthony Ramirez,IN
1859,Andrew Taylor,VA
1582,Cynthia Walter,VA
1121,Jill Summers MD,OK
1249,Edward Hardy,VA
1251,Tyler Parker,LA
1994,Gregory Perez,IN
1261,Cynthia Escobar,VA
1820,Patrick Ross,NY
1735,Michael Reynolds,CA
1113,Megan Lee,WA
1356,Tammy Dean,TX
1935,Gabrielle Grant,NY
1163,Mr. Jeffrey Ortega DVM,NY
1357,Phillip Johnson,NV
1177,Debbie Mills,TX
1637,Morgan Wright,TX
1992,Jeremiah Newton,IN
1496,Gina Meyer,OK
1158,Jeffrey Waters,OK
1209,Lauren Gonzalez,VA
1643,Scott Roberts,VA
1937,Kathleen Mason,WA
1338,Kimberly Meyer,OK
1071,Erica Perez,IN
1120,Chris Perez,OK
1614,Heather Fox,NY
1212,Brooke Compton,IN
1461,Benjamin Adams,TX
1055,Peter Bass,FL
1165,Darryl Cervantes,FL
1349,David Smith,NY
1783,Brandon Johnson,TX
1566,Rachel Barrett,VA
1197,Stephen Miles,CA
1833,Joel Kennedy,OK
1315,Susan Bishop,VA
1187,Jorge Robinson,FL
1897,Steven Myers,CA
1276,Patrick Yoder,IN
1868,Stephanie Gonzalez,TX
1914,Brandon Patterson,LA
1460,Leslie Simpson,WA
1287,Debbie Evans,FL
1023,Andrea Chandler,FL
1198,Derek Williams,NV
1385,Natalie Martin,TX
1224,Alicia Grimes,NV
1759,Jonathan Swanson,LA
1884,Corey Soto,CA
1659,Charles Rodriguez,FL
1858,Laura Ward,WA
1892,Lynn Hebert,IN
1085,Jessica Gonzalez,OK
1816,Gerald Smith,NY
1565,Deborah Marshall,VA
1753,Kelly Rivera,TX
1012,Valerie Murray,VA
1862,Megan Khan,VA
1170,John Walker,CA
1472,Robert Hahn III,NY
1226,Brent Wilson,OK
1971,Robert Hernandez,OK
1955,Zachary Klein,NV
1900,Charles Lee,NY
1569,Karen Vargas,OK
1517,Chad Davis,NV
1904,Hannah Carey,WA
1479,Mr. Jonathan Ruiz,CA
1850,Joshua Hernandez,VA
1351,Rebecca Chapman,TX
1883,Christopher Martinez,CA
1690,Briana Cooper,NY
1098,Alyssa Wang,OK
1381,William Williamson,VA
1362,Linda Johnson,FL
1872,Natasha Holland,CA
1944,Daniel Fernandez,IN
1294,James Burton,VA
1907,Thomas Holmes,IN
1505,Nathaniel Moreno,FL
