meeting_id,participant_id,status
41342,1177,Not confirmed
86236,1441,Not confirmed
47596,1879,Not confirmed
76009,1860,Not confirmed
30554,1249,Confirmed
67860,1331,Confirmed
47596,1459,Not confirmed
70133,1528,Confirmed
10084,1810,Not confirmed
87568,1749,Not confirmed
73188,1241,Not confirmed
29371,1619,Not confirmed
39121,1165,Confirmed
56405,1684,Not confirmed
82051,1558,Not confirmed
82051,1640,Not confirmed
50120,1919,Not confirmed
74105,1912,Not confirmed
68418,1682,Confirmed
89781,1876,Not confirmed
75345,1174,Confirmed
56568,1207,Confirmed
27226,1479,Not confirmed
35137,1768,Confirmed
27941,1162,Confirmed
27785,1705,Not confirmed
28668,1514,Not confirmed
81549,1304,Not confirmed
56298,1501,Not confirmed
24031,1878,Not confirmed
20887,1347,Not confirmed
72476,1297,Not confirmed
22650,1857,Not confirmed
97436,1635,Confirmed
90143,1958,Not confirmed
28754,1204,Confirmed
13432,1715,Not confirmed
10084,1697,Not confirmed
37350,1834,Confirmed
70733,1709,Not confirmed
1741,1257,Confirmed
79593,1713,Confirmed
46809,1386,Confirmed
13201,1862,Not confirmed
63082,1848,Confirmed
99397,1908,Not confirmed
20267,1348,Not confirmed
57056,1322,Not confirmed
48649,1169,Not confirmed
86008,1080,Confirmed
68206,1433,Confirmed
80540,1341,Not confirmed
44875,1823,Confirmed
11009,1184,Confirmed
76779,1916,Confirmed
47807,1580,Not confirmed
64208,1602,Confirmed
24986,1872,Confirmed
86003,1713,Confirmed
37103,1137,Not confirmed
37172,1309,Not confirmed
37402,1454,Confirmed
82316,1453,Confirmed
6596,1213,Confirmed
17677,1476,Confirmed
62560,1915,Confirmed
78261,1829,Confirmed
86008,1999,Confirmed
73340,1036,Confirmed
22747,1273,Not confirmed
68778,1093,Confirmed
22698,1160,Confirmed
45973,1746,Confirmed
23041,1773,Confirmed
3963,1157,Confirmed
84142,1754,Confirmed
41224,1994,Confirmed
82033,1765,Not confirmed
89157,1000,Confirmed
57973,1915,Confirmed
95901,1651,Confirmed
88198,1129,Not confirmed
39599,1908,Confirmed
13825,1281,Not confirmed
37402,1949,Not confirmed
46661,1748,Not confirmed
81369,1930,Not confirmed
82379,1593,Not confirmed
46037,1867,Confirmed
83527,1993,Not confirmed
73340,1802,Confirmed
75043,1512,Not confirmed
76491,1308,Confirmed
40604,1180,Confirmed
22299,1952,Confirmed
3559,1356,Confirmed
90143,1296,Not confirmed
15525,1408,Confirmed
77048,1360,Confirmed
89781,1938,Confirmed
77132,1641,Confirmed
51716,1158,Confirmed
47821,1638,Confirmed
64221,1434,Confirmed
24115,1318,Not confirmed
57145,1001,Confirmed
93922,1609,Confirmed
95901,1897,Not confirmed
5869,1329,Confirmed
77048,1615,Confirmed
1865,1850,Confirmed
42935,1588,Confirmed
82323,1476,Confirmed
8924,1517,Not confirmed
53540,1250,Confirmed
36351,1159,Confirmed
4211,1966,Confirmed
59941,1508,Not confirmed
50824,1315,Not confirmed
20904,1293,Confirmed
32179,1751,Not confirmed
94918,1154,Not confirmed
9697,1450,Not confirmed
80378,1839,Confirmed
30726,1547,Confirmed
13432,1018,Not confirmed
41224,1196,Not confirmed
9217,1189,Confirmed
13595,1204,Confirmed
23358,1687,Not confirmed
28585,1866,Not confirmed
35272,1506,Not confirmed
82828,1142,Confirmed
88020,1968,Not confirmed
84509,1239,Not confirmed
75000,1021,Not confirmed
67405,1542,Confirmed
27150,1724,Confirmed
43839,1227,Not confirmed
64258,1090,Not confirmed
28564,1170,Not confirmed
16980,1059,Not confirmed
89739,1308,Confirmed
46144,1415,Confirmed
78752,1083,Confirmed
8594,1472,Not confirmed
1920,1225,Not confirmed
34273,1488,Not confirmed
23443,1040,Confirmed
31087,1165,Confirmed
89705,1152,Confirmed
75345,1487,Not confirmed
15240,1831,Not confirmed
89586,1967,Confirmed
88932,1264,Not confirmed
67321,1171,Confirmed
29519,1566,Confirmed
31087,1654,Confirmed
99552,1414,Confirmed
20538,1219,Confirmed
41073,1427,Not confirmed
21953,1010,Confirmed
17677,1597,Confirmed
18923,1538,Not confirmed
13200,1438,Confirmed
91193,1685,Not confirmed
51012,1504,Confirmed
70377,1234,Confirmed
56298,1705,Not confirmed
22650,1993,Confirmed
65917,1521,Confirmed
99892,1369,Confirmed
13595,1802,Confirmed
24031,1423,Confirmed
7606,1159,Not confirmed
76877,1139,Not confirmed
33365,1795,Not confirmed
97910,1670,Not confirmed
70092,1128,Confirmed
5039,1917,Confirmed
48528,1204,Confirmed
80840,1764,Not confirmed
80777,1144,Not confirmed
54687,1064,Not confirmed
12051,1237,Not confirmed
25927,1456,Not confirmed
7045,1078,Not confirmed
60394,1310,Confirmed
94097,1082,Confirmed
44918,1306,Confirmed
11772,1225,Not confirmed
94553,1050,Confirmed
91240,1471,Confirmed
1861,1312,Confirmed
84719,1554,Confirmed
91240,1396,Not confirmed
34122,1469,Confirmed
82051,1148,Not confirmed
35272,1494,Confirmed
50120,1330,Not confirmed
23358,1983,Not confirmed
97798,1643,Not confirmed
39121,1324,Not confirmed
79518,1507,Confirmed
18509,1833,Confirmed
36700,1071,Not confirmed
26790,1284,Not confirmed
1210,1605,Not confirmed
3478,1088,Confirmed
57936,1713,Not confirmed
56298,1091,Not confirmed
82316,1561,Confirmed
36051,1325,Confirmed
63790,1838,Not confirmed
21922,1775,Confirmed
3352,1974,Confirmed
13819,1203,Confirmed
60588,1836,Confirmed
92553,1425,Not confirmed
75601,1914,Not confirmed
13819,1151,Not confirmed
16438,1919,Confirmed
36502,1242,Not confirmed
13200,1708,Not confirmed
98403,1548,Not confirmed
64271,1938,Confirmed
92429,1090,Confirmed
78506,1193,Confirmed
29562,1716,Not confirmed
80489,1294,Confirmed
30326,1705,Confirmed
74770,1249,Confirmed
90693,1273,Confirmed
46661,1781,Not confirmed
92392,1904,Not confirmed
46144,1652,Confirmed
27785,1987,Confirmed
49036,1552,Confirmed
83527,1185,Not confirmed
73729,1906,Confirmed
14564,1999,Not confirmed
42373,1167,Not confirmed
49303,1841,Confirmed
91679,1306,Confirmed
72968,1250,Confirmed
2305,1816,Confirmed
88843,1921,Not confirmed
75601,1423,Not confirmed
34547,1400,Not confirmed
91193,1579,Confirmed
29519,1743,Confirmed
74105,1131,Not confirmed
93048,1463,Confirmed
46998,1192,Not confirmed
40775,1597,Confirmed
65118,1366,Confirmed
12051,1502,Not confirmed
25854,1028,Confirmed
56405,1817,Confirmed
80777,1124,Not confirmed
91013,1549,Confirmed
70781,1311,Not confirmed
99397,1856,Confirmed
54054,1456,Not confirmed
97696,1502,Not confirmed
72618,1823,Not confirmed
16564,1876,Not confirmed
53021,1225,Not confirmed
14584,1875,Confirmed
4644,1496,Confirmed
69721,1632,Not confirmed
86392,1693,Confirmed
82093,1432,Confirmed
13454,1087,Not confirmed
70435,1424,Confirmed
51924,1556,Confirmed
94787,1439,Confirmed
6596,1473,Not confirmed
64834,1878,Confirmed
54192,1852,Not confirmed
10018,1029,Not confirmed
21118,1971,Not confirmed
15151,1664,Not confirmed
77420,1966,Confirmed
40847,1156,Not confirmed
47601,1486,Confirmed
8731,1229,Confirmed
45608,1059,Not confirmed
29929,1508,Not confirmed
65607,1924,Confirmed
92634,1017,Not confirmed
57056,1974,Not confirmed
46633,1374,Not confirmed
63476,1439,Not confirmed
81425,1656,Confirmed
75345,1458,Not confirmed
38013,1820,Confirmed
2614,1735,Not confirmed
53150,1273,Not confirmed
24031,1738,Confirmed
95157,1189,Confirmed
76939,1869,Confirmed
34115,1160,Confirmed
70910,1754,Confirmed
20897,1598,Confirmed
7045,1899,Confirmed
14564,1831,Not confirmed
78501,1760,Not confirmed
91458,1495,Not confirmed
98790,1575,Not confirmed
81559,1165,Not confirmed
76963,1622,Not confirmed
25571,1060,Confirmed
29410,1549,Confirmed
16913,1088,Confirmed
94512,1047,Confirmed
29410,1438,Confirmed
51924,1812,Confirmed
92553,1404,Confirmed
92340,1269,Confirmed
25605,1320,Confirmed
11255,1994,Not confirmed
72476,1814,Confirmed
71091,1487,Confirmed
15494,1882,Confirmed
40094,1340,Not confirmed
53642,1578,Confirmed
43940,1671,Not confirmed
4644,1914,Not confirmed
20805,1450,Not confirmed
23470,1305,Confirmed
17079,1382,Confirmed
10018,1987,Not confirmed
53119,1374,Not confirmed
26163,1874,Not confirmed
57056,1869,Confirmed
21976,1064,Confirmed
68657,1693,Confirmed
50370,1378,Not confirmed
47924,1752,Not confirmed
58906,1445,Not confirmed
3963,1669,Not confirmed
20544,1984,Not confirmed
37911,1409,Confirmed
44875,1385,Confirmed
19644,1542,Confirmed
27200,1656,Not confirmed
67999,1148,Not confirmed
70092,1393,Confirmed
17272,1978,Not confirmed
81054,1072,Not confirmed
22204,1366,Confirmed
81613,1080,Not confirmed
16980,1077,Confirmed
40775,1982,Confirmed
51554,1077,Confirmed
78684,1638,Not confirmed
40605,1799,Confirmed
43851,1017,Confirmed
66974,1242,Not confirmed
48441,1002,Confirmed
12948,1257,Confirmed
88908,1657,Confirmed
16364,1254,Not confirmed
58652,1490,Not confirmed
22993,1803,Not confirmed
62723,1858,Not confirmed
86287,1086,Confirmed
34103,1400,Confirmed
71947,1787,Confirmed
23469,1865,Not confirmed
65133,1040,Confirmed
89361,1500,Not confirmed
31273,1125,Not confirmed
48649,1449,Confirmed
74113,1581,Confirmed
57145,1597,Not confirmed
58256,1636,Confirmed
24906,1099,Confirmed
88932,1025,Not confirmed
28526,1683,Confirmed
56243,1007,Not confirmed
60839,1410,Not confirmed
78506,1406,Not confirmed
86003,1202,Not confirmed
75775,1302,Confirmed
73006,1180,Confirmed
1043,1376,Not confirmed
77048,1353,Not confirmed
98107,1078,Not confirmed
20904,1080,Not confirmed
56449,1206,Confirmed
26896,1731,Confirmed
11772,1115,Not confirmed
83527,1438,Not confirmed
94400,1394,Not confirmed
70092,1737,Confirmed
73073,1961,Not confirmed
92862,1988,Not confirmed
76823,1028,Not confirmed
32059,1867,Confirmed
87173,1798,Confirmed
39121,1642,Confirmed
12051,1155,Not confirmed
69722,1572,Confirmed
29562,1847,Confirmed
40687,1793,Confirmed
11240,1094,Not confirmed
44440,1765,Confirmed
69722,1408,Not confirmed
87146,1397,Not confirmed
97696,1475,Confirmed
72951,1994,Not confirmed
94512,1426,Not confirmed
45297,1683,Not confirmed
8678,1860,Not confirmed
55356,1929,Confirmed
58652,1427,Not confirmed
58190,1846,Confirmed
6183,1301,Confirmed
2614,1118,Not confirmed
20041,1231,Not confirmed
27017,1004,Not confirmed
59621,1415,Not confirmed
47807,1860,Not confirmed
78684,1245,Confirmed
24055,1062,Confirmed
53639,1021,Confirmed
92429,1116,Confirmed
31087,1852,Not confirmed
99264,1492,Confirmed
51012,1693,Confirmed
58906,1697,Not confirmed
31007,1749,Not confirmed
28257,1148,Not confirmed
11885,1921,Confirmed
6818,1155,Confirmed
69359,1922,Confirmed
99397,1912,Confirmed
66974,1455,Not confirmed
51012,1142,Not confirmed
7045,1271,Not confirmed
13113,1897,Confirmed
73922,1020,Not confirmed
14690,1928,Confirmed
34940,1716,Confirmed
38013,1967,Not confirmed
73392,1060,Not confirmed
65163,1632,Confirmed
51600,1374,Confirmed
60836,1581,Confirmed
98958,1111,Not confirmed
65209,1904,Not confirmed
83766,1366,Not confirmed
92862,1121,Not confirmed
60577,1539,Not confirmed
18783,1678,Confirmed
49853,1946,Confirmed
69722,1602,Not confirmed
58665,1951,Confirmed
1920,1507,Confirmed
43753,1546,Not confirmed
67860,1259,Not confirmed
43798,1183,Confirmed
54565,1939,Not confirmed
88685,1979,Not confirmed
89705,1493,Confirmed
81559,1691,Confirmed
63790,1471,Confirmed
22255,1734,Not confirmed
27956,1231,Confirmed
79568,1615,Confirmed
39422,1805,Not confirmed
88396,1781,Not confirmed
95623,1129,Confirmed
2614,1154,Confirmed
15151,1514,Not confirmed
60138,1888,Confirmed
49123,1270,Not confirmed
94220,1040,Confirmed
18340,1709,Confirmed
31509,1442,Confirmed
9697,1790,Confirmed
73729,1123,Confirmed
90143,1540,Confirmed
86908,1481,Confirmed
62730,1682,Not confirmed
36942,1158,Not confirmed
27995,1491,Not confirmed
31321,1874,Confirmed
51320,1037,Not confirmed
62172,1430,Not confirmed
47959,1841,Confirmed
51705,1149,Confirmed
76965,1018,Not confirmed
6183,1899,Confirmed
65946,1643,Confirmed
81979,1407,Not confirmed
45608,1322,Not confirmed
32059,1187,Not confirmed
57056,1394,Confirmed
43851,1363,Confirmed
69725,1417,Not confirmed
86905,1886,Confirmed
20887,1268,Not confirmed
37470,1270,Confirmed
44332,1544,Not confirmed
3039,1940,Not confirmed
6818,1546,Not confirmed
80946,1092,Not confirmed
46097,1375,Not confirmed
98242,1844,Not confirmed
88932,1292,Not confirmed
4695,1569,Confirmed
77931,1457,Confirmed
88774,1397,Confirmed
40755,1577,Confirmed
8678,1846,Confirmed
20213,1847,Confirmed
510,1262,Confirmed
91193,1583,Confirmed
4068,1427,Not confirmed
12665,1085,Confirmed
62560,1295,Not confirmed
66170,1017,Not confirmed
30182,1727,Not confirmed
53733,1038,Confirmed
83777,1863,Not confirmed
90693,1534,Not confirmed
86352,1641,Confirmed
70334,1968,Not confirmed
82290,1115,Not confirmed
13113,1310,Confirmed
89739,1143,Confirmed
59941,1420,Not confirmed
11240,1896,Confirmed
45896,1560,Confirmed
1865,1120,Confirmed
86046,1687,Not confirmed
98180,1337,Confirmed
65133,1350,Not confirmed
14516,1428,Not confirmed
18340,1090,Confirmed
51924,1180,Not confirmed
22650,1272,Not confirmed
42373,1640,Not confirmed
38309,1765,Confirmed
71947,1710,Not confirmed
11993,1573,Confirmed
19644,1391,Not confirmed
99858,1188,Not confirmed
53041,1169,Not confirmed
62474,1319,Confirmed
74505,1240,Confirmed
96913,1046,Confirmed
69722,1843,Not confirmed
38000,1741,Not confirmed
6374,1840,Not confirmed
95157,1148,Confirmed
40479,1763,Not confirmed
91704,1075,Confirmed
21922,1796,Confirmed
72619,1349,Not confirmed
84506,1649,Not confirmed
39313,1900,Confirmed
60210,1640,Confirmed
22895,1718,Confirmed
42755,1165,Confirmed
75043,1118,Not confirmed
63476,1681,Not confirmed
49476,1433,Confirmed
41224,1862,Confirmed
79761,1577,Confirmed
70725,1078,Not confirmed
81446,1675,Confirmed
43753,1616,Not confirmed
80777,1721,Confirmed
4865,1093,Not confirmed
9217,1777,Confirmed
2544,1724,Confirmed
4211,1149,Not confirmed
95623,1332,Not confirmed
98790,1451,Confirmed
3566,1012,Confirmed
3670,1042,Confirmed
33751,1280,Confirmed
44928,1704,Not confirmed
59720,1029,Confirmed
33059,1454,Confirmed
37470,1673,Not confirmed
91870,1041,Confirmed
27017,1218,Not confirmed
23958,1738,Not confirmed
55912,1441,Not confirmed
38309,1089,Confirmed
4232,1111,Not confirmed
80442,1183,Confirmed
33059,1606,Not confirmed
80341,1732,Not confirmed
30462,1021,Not confirmed
86046,1499,Not confirmed
32005,1886,Confirmed
4252,1140,Not confirmed
64258,1246,Not confirmed
11258,1539,Confirmed
88268,1555,Not confirmed
7783,1925,Confirmed
77275,1905,Not confirmed
95146,1445,Not confirmed
80668,1781,Confirmed
13197,1134,Confirmed
52288,1312,Confirmed
38998,1619,Not confirmed
40605,1398,Not confirmed
58652,1216,Confirmed
43879,1102,Confirmed
87568,1356,Not confirmed
90963,1711,Not confirmed
4328,1044,Confirmed
32005,1244,Confirmed
43423,1096,Not confirmed
76328,1141,Confirmed
3393,1539,Not confirmed
49853,1767,Confirmed
78684,1558,Confirmed
58557,1216,Not confirmed
76491,1646,Not confirmed
44875,1770,Confirmed
14584,1986,Confirmed
21996,1683,Confirmed
19999,1079,Confirmed
27996,1820,Not confirmed
63790,1123,Confirmed
64271,1250,Confirmed
39313,1344,Not confirmed
88908,1680,Confirmed
43423,1016,Confirmed
44928,1310,Confirmed
20916,1594,Confirmed
22299,1844,Not confirmed
89924,1560,Not confirmed
44332,1624,Confirmed
54516,1981,Not confirmed
32471,1953,Confirmed
69722,1276,Confirmed
85082,1135,Not confirmed
76386,1953,Not confirmed
75357,1082,Confirmed
68556,1618,Confirmed
7568,1182,Not confirmed
47587,1438,Not confirmed
55461,1359,Confirmed
98135,1031,Not confirmed
59713,1790,Confirmed
13454,1185,Confirmed
93460,1034,Confirmed
89019,1248,Confirmed
76328,1831,Confirmed
54192,1249,Not confirmed
8308,1852,Confirmed
46456,1754,Not confirmed
83886,1612,Confirmed
44329,1595,Confirmed
29371,1162,Confirmed
30626,1373,Confirmed
39625,1222,Not confirmed
95157,1832,Confirmed
40605,1786,Confirmed
89739,1366,Not confirmed
79731,1603,Not confirmed
36184,1872,Confirmed
94700,1626,Not confirmed
24066,1837,Confirmed
91722,1634,Not confirmed
16131,1408,Confirmed
24271,1609,Confirmed
98403,1797,Not confirmed
43940,1406,Confirmed
71494,1636,Confirmed
22299,1960,Confirmed
66966,1790,Confirmed
84306,1325,Not confirmed
47261,1519,Confirmed
46092,1076,Not confirmed
32783,1294,Confirmed
87568,1193,Confirmed
9139,1550,Confirmed
43839,1610,Not confirmed
36351,1903,Not confirmed
43851,1692,Not confirmed
16364,1567,Not confirmed
70334,1828,Confirmed
16564,1126,Confirmed
76784,1772,Confirmed
84142,1186,Not confirmed
893,1764,Not confirmed
40372,1552,Confirmed
83777,1957,Not confirmed
47601,1625,Confirmed
62521,1332,Not confirmed
23264,1244,Confirmed
82316,1067,Not confirmed
9217,1404,Not confirmed
18783,1065,Not confirmed
31087,1574,Confirmed
66966,1277,Confirmed
31987,1250,Not confirmed
3352,1919,Confirmed
24055,1148,Not confirmed
99858,1162,Not confirmed
3039,1018,Not confirmed
27150,1790,Not confirmed
80540,1469,Not confirmed
62521,1872,Not confirmed
95650,1796,Confirmed
91722,1753,Not confirmed
43753,1099,Not confirmed
74215,1186,Confirmed
41073,1108,Not confirmed
893,1871,Not confirmed
17671,1897,Confirmed
11240,1092,Confirmed
19644,1678,Not confirmed
37103,1055,Confirmed
893,1431,Not confirmed
30097,1520,Not confirmed
83874,1983,Not confirmed
28353,1464,Not confirmed
64258,1374,Confirmed
84274,1528,Not confirmed
2095,1566,Confirmed
31987,1005,Not confirmed
94883,1475,Confirmed
33222,1827,Confirmed
92634,1921,Not confirmed
94400,1637,Confirmed
47397,1006,Confirmed
43753,1973,Confirmed
93825,1286,Not confirmed
88447,1670,Confirmed
18067,1089,Confirmed
60138,1300,Confirmed
30326,1152,Confirmed
31087,1538,Confirmed
4644,1728,Confirmed
33593,1919,Confirmed
5694,1527,Confirmed
84719,1063,Not confirmed
59629,1481,Not confirmed
53021,1328,Confirmed
22035,1722,Confirmed
40755,1770,Confirmed
92429,1142,Confirmed
75027,1894,Not confirmed
83527,1714,Confirmed
70755,1696,Not confirmed
28585,1367,Confirmed
62961,1057,Not confirmed
41224,1707,Not confirmed
31509,1241,Confirmed
31321,1618,Not confirmed
66170,1430,Confirmed
83168,1329,Not confirmed
53733,1738,Not confirmed
94400,1517,Confirmed
87616,1497,Not confirmed
86010,1103,Confirmed
24368,1923,Not confirmed
51554,1085,Confirmed
60901,1628,Not confirmed
39872,1498,Confirmed
69722,1866,Confirmed
1741,1098,Not confirmed
76491,1441,Confirmed
26835,1946,Not confirmed
64221,1475,Not confirmed
84719,1019,Confirmed
93825,1671,Not confirmed
756,1100,Confirmed
20538,1624,Confirmed
8594,1461,Not confirmed
6406,1900,Confirmed
93700,1797,Not confirmed
13432,1510,Confirmed
94883,1292,Confirmed
39625,1936,Not confirmed
49757,1097,Confirmed
29163,1172,Not confirmed
46092,1300,Not confirmed
13200,1593,Not confirmed
44329,1047,Not confirmed
53150,1375,Not confirmed
79562,1550,Confirmed
13825,1682,Not confirmed
78009,1326,Confirmed
75027,1878,Not confirmed
56754,1132,Not confirmed
91007,1166,Not confirmed
97143,1423,Confirmed
93204,1457,Not confirmed
22014,1286,Confirmed
62730,1632,Confirmed
44244,1527,Not confirmed
8802,1564,Not confirmed
84487,1326,Not confirmed
66716,1735,Not confirmed
75345,1228,Not confirmed
82290,1389,Confirmed
99578,1822,Not confirmed
21922,1258,Confirmed
70910,1171,Confirmed
65209,1990,Not confirmed
13200,1773,Not confirmed
90777,1019,Confirmed
49549,1078,Confirmed
91867,1483,Not confirmed
40479,1979,Not confirmed
63773,1264,Not confirmed
50007,1274,Confirmed
49853,1527,Not confirmed
2095,1601,Not confirmed
69359,1708,Confirmed
8308,1273,Confirmed
67999,1589,Confirmed
4211,1836,Not confirmed
24771,1029,Confirmed
48576,1582,Confirmed
18340,1132,Confirmed
34366,1053,Not confirmed
94512,1643,Confirmed
47601,1464,Confirmed
93402,1134,Not confirmed
19519,1178,Confirmed
93664,1711,Not confirmed
18814,1202,Confirmed
41656,1973,Not confirmed
40605,1377,Not confirmed
99075,1915,Not confirmed
95111,1306,Confirmed
15844,1568,Not confirmed
86687,1905,Confirmed
24271,1952,Confirmed
55024,1016,Confirmed
29519,1190,Not confirmed
51731,1056,Confirmed
56754,1640,Confirmed
78261,1058,Confirmed
57056,1364,Not confirmed
4211,1330,Not confirmed
13113,1780,Confirmed
92634,1665,Confirmed
10437,1447,Confirmed
49757,1428,Confirmed
66881,1242,Confirmed
97696,1570,Confirmed
31987,1726,Not confirmed
50120,1720,Not confirmed
53555,1316,Not confirmed
89157,1862,Not confirmed
36772,1829,Confirmed
6596,1453,Not confirmed
67405,1381,Not confirmed
49123,1049,Not confirmed
48441,1753,Confirmed
4068,1574,Confirmed
28754,1117,Not confirmed
23541,1861,Confirmed
65748,1516,Confirmed
50370,1417,Confirmed
95446,1536,Not confirmed
14564,1117,Not confirmed
94940,1500,Not confirmed
99526,1956,Not confirmed
87601,1393,Confirmed
40870,1700,Confirmed
15524,1901,Not confirmed
28585,1223,Not confirmed
75006,1772,Not confirmed
32059,1593,Not confirmed
65118,1242,Confirmed
36987,1977,Confirmed
49538,1707,Confirmed
34547,1135,Confirmed
29929,1149,Confirmed
10437,1696,Confirmed
45211,1743,Confirmed
53505,1952,Confirmed
80540,1316,Confirmed
57050,1767,Confirmed
36987,1214,Confirmed
82735,1166,Not confirmed
65209,1890,Not confirmed
90963,1643,Not confirmed
55024,1477,Not confirmed
83777,1896,Confirmed
45211,1591,Confirmed
85193,1845,Not confirmed
91013,1213,Confirmed
29562,1934,Not confirmed
89786,1442,Not confirmed
17122,1495,Confirmed
12341,1269,Confirmed
1303,1472,Confirmed
28367,1395,Confirmed
17270,1781,Not confirmed
65163,1205,Not confirmed
95969,1197,Confirmed
57973,1937,Confirmed
27012,1015,Confirmed
82033,1530,Not confirmed
39422,1005,Not confirmed
14690,1704,Confirmed
14832,1102,Confirmed
19571,1183,Confirmed
35779,1400,Not confirmed
31987,1338,Confirmed
77275,1419,Not confirmed
4065,1698,Confirmed
77420,1117,Not confirmed
34629,1438,Not confirmed
21976,1508,Not confirmed
74625,1665,Confirmed
75147,1619,Confirmed
57285,1724,Confirmed
49819,1664,Confirmed
60901,1058,Not confirmed
36926,1778,Not confirmed
48649,1002,Confirmed
54950,1322,Confirmed
76779,1119,Confirmed
71287,1844,Confirmed
49549,1212,Confirmed
44720,1299,Not confirmed
60839,1596,Confirmed
53119,1720,Confirmed
44332,1180,Not confirmed
91903,1995,Not confirmed
98135,1554,Confirmed
47959,1297,Confirmed
65412,1293,Not confirmed
90693,1204,Not confirmed
81613,1923,Not confirmed
16364,1534,Not confirmed
21118,1958,Not confirmed
27995,1448,Confirmed
82051,1185,Not confirmed
88120,1783,Confirmed
92340,1965,Not confirmed
28367,1738,Confirmed
88198,1192,Not confirmed
45608,1444,Not confirmed
96292,1651,Confirmed
11396,1126,Confirmed
43851,1079,Confirmed
16913,1226,Confirmed
34940,1512,Confirmed
84506,1314,Not confirmed
68206,1644,Confirmed
73073,1550,Not confirmed
93664,1034,Not confirmed
62961,1747,Confirmed
35638,1440,Confirmed
80840,1204,Confirmed
81103,1216,Not confirmed
20267,1589,Not confirmed
94220,1497,Not confirmed
78351,1062,Confirmed
41278,1814,Confirmed
13201,1752,Confirmed
25256,1478,Confirmed
13421,1102,Confirmed
45211,1168,Confirmed
37103,1602,Not confirmed
84509,1967,Not confirmed
28668,1524,Confirmed
5869,1752,Confirmed
84719,1381,Confirmed
75440,1531,Not confirmed
98242,1248,Not confirmed
71091,1792,Not confirmed
62881,1463,Not confirmed
54748,1438,Confirmed
15525,1812,Not confirmed
27941,1851,Not confirmed
91636,1161,Not confirmed
88198,1964,Confirmed
63773,1022,Not confirmed
83766,1299,Not confirmed
27200,1977,Not confirmed
29163,1629,Confirmed
98758,1470,Confirmed
42935,1264,Not confirmed
77931,1688,Not confirmed
72951,1089,Confirmed
60577,1171,Not confirmed
60544,1034,Confirmed
89786,1829,Confirmed
34228,1019,Confirmed
42176,1413,Confirmed
51600,1021,Confirmed
91903,1116,Not confirmed
30135,1752,Confirmed
26939,1268,Confirmed
27226,1650,Confirmed
88634,1478,Not confirmed
55692,1903,Confirmed
73392,1839,Confirmed
93700,1491,Not confirmed
78684,1358,Confirmed
11240,1408,Not confirmed
15525,1520,Confirmed
77931,1261,Not confirmed
52986,1381,Confirmed
64208,1873,Confirmed
93048,1869,Confirmed
90143,1759,Confirmed
5444,1931,Confirmed
24031,1440,Not confirmed
47601,1264,Not confirmed
91843,1405,Not confirmed
22299,1616,Not confirmed
81446,1257,Confirmed
78009,1317,Not confirmed
39040,1384,Not confirmed
46534,1463,Confirmed
80501,1353,Not confirmed
13432,1242,Confirmed
73100,1172,Confirmed
47821,1462,Confirmed
7045,1545,Confirmed
69553,1863,Not confirmed
6596,1315,Not confirmed
51705,1113,Confirmed
32814,1693,Not confirmed
37172,1235,Not confirmed
19034,1924,Not confirmed
22204,1093,Not confirmed
55950,1849,Not confirmed
60138,1418,Confirmed
45608,1435,Not confirmed
62474,1711,Not confirmed
7045,1341,Confirmed
40605,1842,Not confirmed
19884,1027,Confirmed
56444,1565,Not confirmed
55356,1418,Confirmed
63476,1902,Confirmed
88634,1024,Confirmed
95623,1680,Confirmed
62560,1620,Confirmed
62923,1487,Not confirmed
49549,1201,Confirmed
86008,1040,Confirmed
20660,1325,Confirmed
52455,1919,Not confirmed
34115,1870,Not confirmed
93924,1215,Confirmed
6596,1499,Confirmed
65917,1734,Not confirmed
33059,1320,Not confirmed
76386,1208,Confirmed
45973,1454,Not confirmed
71640,1764,Confirmed
64803,1020,Confirmed
39872,1068,Confirmed
73006,1179,Not confirmed
53230,1113,Confirmed
92862,1181,Not confirmed
97143,1167,Not confirmed
30326,1478,Not confirmed
71287,1948,Confirmed
91007,1664,Not confirmed
49973,1291,Confirmed
62560,1270,Not confirmed
97436,1700,Not confirmed
32471,1376,Not confirmed
14537,1174,Confirmed
68778,1580,Not confirmed
91722,1973,Confirmed
25860,1407,Not confirmed
71269,1918,Confirmed
69722,1985,Not confirmed
82555,1794,Not confirmed
99264,1481,Confirmed
83777,1833,Confirmed
79562,1576,Not confirmed
81369,1736,Confirmed
36612,1718,Confirmed
7925,1312,Not confirmed
90222,1651,Confirmed
34122,1974,Not confirmed
56444,1624,Confirmed
5694,1199,Not confirmed
93532,1039,Not confirmed
93204,1152,Not confirmed
1931,1675,Confirmed
52035,1730,Not confirmed
52420,1959,Confirmed
84010,1437,Not confirmed
63773,1481,Confirmed
77931,1194,Not confirmed
10018,1192,Not confirmed
86905,1352,Confirmed
4865,1321,Confirmed
96913,1446,Confirmed
44918,1754,Not confirmed
95969,1079,Not confirmed
44928,1403,Not confirmed
80105,1974,Confirmed
89157,1899,Not confirmed
71269,1656,Not confirmed
62723,1029,Confirmed
48576,1723,Confirmed
95901,1952,Confirmed
55625,1138,Confirmed
11258,1599,Confirmed
70377,1743,Not confirmed
18923,1108,Not confirmed
89074,1450,Not confirmed
96292,1223,Confirmed
60836,1463,Not confirmed
21654,1319,Not confirmed
25927,1068,Not confirmed
98403,1454,Not confirmed
89586,1454,Confirmed
92392,1612,Confirmed
28585,1969,Not confirmed
72618,1266,Not confirmed
94220,1016,Not confirmed
92429,1165,Not confirmed
66966,1949,Confirmed
68418,1423,Confirmed
70910,1940,Not confirmed
3393,1515,Confirmed
70377,1430,Confirmed
25077,1306,Confirmed
55461,1276,Confirmed
80105,1369,Confirmed
79761,1982,Confirmed
60588,1527,Not confirmed
33365,1776,Confirmed
46535,1685,Not confirmed
77275,1666,Not confirmed
90394,1871,Not confirmed
99264,1078,Confirmed
46809,1712,Confirmed
14537,1019,Confirmed
42755,1707,Not confirmed
74505,1813,Not confirmed
44875,1396,Not confirmed
13595,1565,Not confirmed
14516,1330,Confirmed
58446,1936,Not confirmed
66426,1654,Not confirmed
44094,1376,Confirmed
23273,1253,Not confirmed
21654,1158,Confirmed
74021,1067,Confirmed
23264,1417,Not confirmed
48576,1531,Confirmed
96292,1291,Not confirmed
37470,1062,Confirmed
53642,1666,Not confirmed
40847,1866,Confirmed
48528,1585,Not confirmed
22747,1680,Not confirmed
26163,1465,Not confirmed
75006,1516,Not confirmed
74719,1610,Confirmed
58190,1442,Not confirmed
76051,1663,Not confirmed
46097,1452,Not confirmed
80501,1776,Not confirmed
11993,1985,Confirmed
40775,1581,Not confirmed
34366,1052,Confirmed
3098,1337,Confirmed
98655,1350,Confirmed
55797,1140,Confirmed
756,1588,Confirmed
6406,1570,Not confirmed
64221,1511,Confirmed
49476,1616,Confirmed
16131,1769,Confirmed
55075,1272,Not confirmed
41342,1886,Confirmed
39040,1019,Not confirmed
36979,1900,Not confirmed
71098,1404,Not confirmed
52898,1770,Confirmed
11772,1432,Confirmed
97798,1025,Not confirmed
3500,1203,Not confirmed
73392,1788,Not confirmed
79540,1730,Confirmed
93700,1247,Not confirmed
24055,1070,Confirmed
23470,1464,Confirmed
29562,1739,Confirmed
85193,1259,Confirmed
78506,1289,Confirmed
20805,1801,Not confirmed
93204,1432,Confirmed
87601,1633,Confirmed
95650,1364,Confirmed
47596,1978,Confirmed
46144,1651,Not confirmed
53119,1779,Confirmed
65118,1101,Confirmed
97798,1621,Not confirmed
88774,1941,Confirmed
68556,1448,Not confirmed
95146,1987,Not confirmed
89781,1920,Confirmed
42403,1025,Confirmed
47601,1720,Confirmed
7386,1082,Confirmed
27995,1808,Not confirmed
15240,1744,Not confirmed
52261,1256,Not confirmed
40743,1401,Confirmed
91636,1447,Confirmed
56703,1659,Not confirmed
73783,1736,Confirmed
10949,1545,Confirmed
37103,1409,Not confirmed
88020,1113,Not confirmed
71287,1477,Confirmed
91636,1268,Confirmed
83623,1644,Confirmed
96240,1356,Confirmed
20213,1197,Not confirmed
64271,1181,Confirmed
30907,1676,Not confirmed
7568,1331,Not confirmed
71715,1411,Confirmed
60901,1280,Confirmed
18277,1144,Not confirmed
69359,1738,Confirmed
54565,1372,Confirmed
25605,1746,Confirmed
72968,1813,Confirmed
49538,1851,Not confirmed
30554,1986,Not confirmed
23273,1441,Confirmed
91193,1508,Confirmed
17272,1618,Confirmed
19884,1955,Not confirmed
73729,1469,Confirmed
99075,1699,Not confirmed
40605,1714,Confirmed
38998,1240,Not confirmed
83515,1764,Confirmed
7043,1639,Confirmed
10949,1258,Confirmed
39040,1892,Not confirmed
27046,1647,Confirmed
43753,1840,Confirmed
58316,1734,Not confirmed
19709,1600,Not confirmed
8835,1110,Not confirmed
15528,1131,Confirmed
38358,1886,Not confirmed
29381,1717,Not confirmed
54687,1191,Confirmed
1818,1914,Not confirmed
87290,1086,Not confirmed
22747,1080,Not confirmed
34122,1615,Confirmed
75975,1335,Not confirmed
91240,1859,Confirmed
52420,1599,Confirmed
5352,1499,Confirmed
13197,1380,Not confirmed
18814,1717,Not confirmed
91867,1207,Not confirmed
33593,1477,Not confirmed
86905,1708,Not confirmed
53230,1549,Not confirmed
5963,1599,Confirmed
1043,1492,Not confirmed
55950,1027,Confirmed
56449,1317,Confirmed
18783,1554,Not confirmed
19884,1179,Not confirmed
98403,1702,Not confirmed
62026,1530,Not confirmed
16052,1780,Not confirmed
43851,1752,Confirmed
81622,1723,Not confirmed
52274,1448,Not confirmed
83127,1849,Not confirmed
34273,1223,Confirmed
37172,1229,Confirmed
91722,1639,Not confirmed
64803,1393,Not confirmed
92429,1259,Confirmed
73392,1562,Confirmed
38358,1026,Not confirmed
84506,1315,Confirmed
79761,1802,Not confirmed
28353,1631,Confirmed
90963,1550,Confirmed
76939,1489,Confirmed
62723,1555,Confirmed
60210,1939,Not confirmed
55797,1460,Not confirmed
22650,1820,Confirmed
52274,1874,Not confirmed
1920,1663,Not confirmed
90143,1485,Not confirmed
69553,1006,Not confirmed
70377,1745,Confirmed
50354,1893,Not confirmed
52986,1776,Confirmed
34366,1254,Not confirmed
85082,1488,Confirmed
21996,1343,Not confirmed
78432,1470,Confirmed
31321,1113,Not confirmed
8731,1426,Confirmed
53639,1850,Not confirmed
23470,1294,Not confirmed
98655,1422,Not confirmed
79271,1259,Not confirmed
76113,1189,Confirmed
30255,1187,Not confirmed
28367,1360,Confirmed
16980,1168,Not confirmed
62715,1675,Confirmed
51773,1851,Not confirmed
4211,1572,Not confirmed
4644,1078,Not confirmed
22014,1303,Not confirmed
97696,1798,Not confirmed
80540,1567,Not confirmed
48528,1345,Not confirmed
88932,1693,Confirmed
99892,1760,Confirmed
47959,1922,Not confirmed
25077,1010,Confirmed
28564,1290,Not confirmed
38309,1548,Not confirmed
87601,1884,Not confirmed
30346,1988,Not confirmed
20904,1437,Confirmed
4068,1715,Not confirmed
86908,1381,Confirmed
3098,1284,Not confirmed
11396,1671,Confirmed
35506,1853,Not confirmed
91870,1764,Not confirmed
47596,1640,Not confirmed
36105,1198,Confirmed
64258,1237,Confirmed
40604,1943,Confirmed
28668,1991,Not confirmed
17270,1953,Not confirmed
32783,1708,Confirmed
8303,1594,Not confirmed
87537,1818,Confirmed
70884,1381,Confirmed
13766,1513,Confirmed
13432,1978,Confirmed
538,1182,Confirmed
59629,1050,Confirmed
84589,1314,Confirmed
52035,1820,Confirmed
18277,1177,Confirmed
53505,1531,Confirmed
40604,1807,Not confirmed
83623,1260,Confirmed
35142,1831,Confirmed
25860,1459,Not confirmed
50354,1951,Confirmed
29381,1274,Confirmed
11885,1970,Confirmed
94787,1412,Not confirmed
58665,1341,Confirmed
75357,1198,Confirmed
54054,1127,Not confirmed
40501,1244,Not confirmed
15844,1636,Not confirmed
26917,1607,Not confirmed
76766,1571,Not confirmed
7386,1211,Not confirmed
94097,1525,Not confirmed
98242,1416,Not confirmed
80262,1036,Confirmed
22299,1485,Not confirmed
19999,1942,Not confirmed
7606,1750,Confirmed
52035,1827,Not confirmed
83777,1281,Not confirmed
4211,1845,Not confirmed
15267,1382,Not confirmed
86287,1421,Confirmed
25256,1675,Confirmed
27956,1902,Not confirmed
63791,1758,Not confirmed
13595,1987,Not confirmed
27017,1563,Not confirmed
81559,1578,Confirmed
55461,1458,Not confirmed
79518,1878,Confirmed
93155,1814,Confirmed
23443,1121,Not confirmed
8678,1999,Confirmed
99858,1291,Confirmed
74267,1297,Confirmed
46468,1012,Not confirmed
59525,1178,Confirmed
70334,1949,Confirmed
5352,1411,Not confirmed
88932,1397,Not confirmed
81255,1354,Confirmed
72618,1222,Not confirmed
98242,1110,Not confirmed
75775,1771,Not confirmed
70435,1924,Not confirmed
88447,1200,Confirmed
36351,1336,Confirmed
6406,1029,Not confirmed
42576,1468,Confirmed
55075,1868,Confirmed
8678,1307,Confirmed
48576,1843,Not confirmed
40954,1742,Not confirmed
52455,1499,Not confirmed
93924,1668,Not confirmed
30726,1839,Not confirmed
12035,1092,Confirmed
16438,1965,Confirmed
70435,1348,Not confirmed
60977,1311,Not confirmed
90777,1611,Not confirmed
88439,1835,Confirmed
5444,1241,Not confirmed
10437,1351,Not confirmed
86378,1176,Not confirmed
32814,1949,Confirmed
30907,1661,Not confirmed
94400,1632,Not confirmed
58991,1780,Confirmed
67114,1666,Not confirmed
25605,1541,Not confirmed
42935,1128,Not confirmed
31311,1434,Confirmed
7561,1269,Not confirmed
79540,1269,Not confirmed
30097,1928,Not confirmed
82828,1262,Not confirmed
87245,1068,Not confirmed
86003,1372,Not confirmed
11772,1536,Not confirmed
51773,1492,Confirmed
64803,1290,Confirmed
42755,1711,Not confirmed
27956,1276,Confirmed
93922,1171,Not confirmed
12341,1864,Not confirmed
2533,1187,Confirmed
88685,1618,Not confirmed
70133,1257,Confirmed
36596,1426,Confirmed
60210,1802,Confirmed
20904,1661,Confirmed
73340,1181,Confirmed
16980,1199,Confirmed
92881,1544,Confirmed
76658,1733,Confirmed
10917,1898,Not confirmed
65527,1103,Confirmed
80501,1926,Not confirmed
88447,1271,Not confirmed
34547,1168,Confirmed
95358,1802,Not confirmed
33784,1269,Confirmed
8833,1142,Not confirmed
14130,1836,Confirmed
86687,1042,Confirmed
87146,1669,Not confirmed
10018,1679,Not confirmed
91704,1386,Confirmed
60002,1478,Confirmed
95833,1143,Not confirmed
12051,1794,Not confirmed
46998,1783,Not confirmed
58190,1756,Confirmed
99526,1055,Confirmed
55950,1529,Confirmed
18517,1764,Not confirmed
28585,1023,Confirmed
73340,1513,Not confirmed
92429,1649,Not confirmed
68556,1462,Confirmed
94787,1446,Not confirmed
25077,1805,Confirmed
58557,1470,Confirmed
93204,1940,Confirmed
10084,1736,Confirmed
80842,1194,Not confirmed
92823,1191,Not confirmed
3963,1496,Confirmed
24771,1669,Not confirmed
83168,1792,Not confirmed
58665,1250,Not confirmed
38358,1346,Confirmed
62560,1890,Not confirmed
67999,1396,Confirmed
82555,1181,Confirmed
58906,1458,Not confirmed
2305,1578,Confirmed
18067,1504,Confirmed
71151,1584,Not confirmed
46468,1027,Confirmed
21815,1113,Confirmed
89705,1245,Not confirmed
35137,1104,Not confirmed
55075,1205,Not confirmed
40954,1663,Not confirmed
18815,1681,Not confirmed
36987,1026,Not confirmed
74113,1136,Confirmed
1210,1972,Confirmed
46144,1683,Confirmed
54950,1076,Confirmed
73073,1286,Not confirmed
60210,1477,Not confirmed
53677,1138,Confirmed
35272,1953,Not confirmed
19519,1450,Confirmed
18277,1523,Confirmed
28367,1350,Confirmed
36596,1198,Confirmed
86046,1089,Not confirmed
83766,1470,Confirmed
73497,1159,Confirmed
99552,1874,Confirmed
13432,1110,Confirmed
92484,1660,Not confirmed
55356,1475,Not confirmed
58906,1250,Confirmed
40954,1582,Not confirmed
84509,1368,Confirmed
17272,1725,Confirmed
54192,1718,Not confirmed
92823,1355,Confirmed
36987,1268,Not confirmed
2413,1900,Not confirmed
22299,1623,Not confirmed
50120,1798,Not confirmed
60002,1779,Confirmed
69553,1050,Not confirmed
94097,1175,Confirmed
81446,1154,Confirmed
14584,1557,Confirmed
21976,1590,Not confirmed
4065,1765,Confirmed
55797,1822,Not confirmed
36926,1359,Not confirmed
98403,1942,Not confirmed
71715,1929,Confirmed
80142,1334,Confirmed
63773,1836,Confirmed
84278,1023,Confirmed
49538,1204,Not confirmed
85525,1888,Not confirmed
40775,1839,Confirmed
14023,1774,Confirmed
91843,1558,Not confirmed
26163,1527,Not confirmed
21118,1003,Confirmed
63476,1515,Confirmed
86378,1957,Not confirmed
72261,1137,Confirmed
98748,1276,Confirmed
9565,1119,Not confirmed
27150,1250,Confirmed
58991,1723,Not confirmed
78432,1835,Confirmed
19884,1274,Confirmed
10342,1810,Not confirmed
75357,1231,Confirmed
65946,1448,Confirmed
14537,1321,Not confirmed
25854,1496,Confirmed
99264,1998,Confirmed
71502,1380,Confirmed
41656,1371,Not confirmed
58862,1026,Confirmed
81425,1957,Confirmed
33230,1440,Not confirmed
77132,1673,Confirmed
47601,1980,Confirmed
41224,1419,Confirmed
1865,1293,Not confirmed
49185,1116,Not confirmed
64626,1805,Confirmed
19884,1405,Not confirmed
7043,1677,Confirmed
22014,1754,Not confirmed
44329,1805,Not confirmed
79593,1952,Not confirmed
24031,1799,Not confirmed
66716,1151,Not confirmed
79920,1448,Not confirmed
81369,1164,Confirmed
8295,1617,Confirmed
98655,1396,Confirmed
27012,1816,Not confirmed
71640,1496,Not confirmed
2544,1937,Confirmed
19718,1760,Not confirmed
94889,1097,Not confirmed
86202,1009,Confirmed
89586,1014,Confirmed
71360,1766,Confirmed
37470,1500,Confirmed
23273,1532,Not confirmed
74113,1236,Confirmed
45278,1135,Not confirmed
88908,1946,Not confirmed
29410,1934,Confirmed
43879,1327,Not confirmed
80262,1133,Confirmed
76779,1160,Confirmed
71494,1280,Not confirmed
13197,1092,Not confirmed
88634,1555,Not confirmed
33686,1220,Not confirmed
69722,1302,Not confirmed
79271,1196,Confirmed
43879,1319,Confirmed
16609,1631,Confirmed
38013,1260,Confirmed
55530,1138,Confirmed
87568,1996,Confirmed
20887,1234,Not confirmed
2305,1957,Confirmed
5824,1162,Not confirmed
19709,1752,Confirmed
53077,1003,Confirmed
82735,1398,Confirmed
44707,1789,Not confirmed
1931,1042,Not confirmed
94097,1166,Confirmed
32471,1325,Confirmed
76113,1892,Confirmed
81549,1935,Confirmed
27012,1309,Not confirmed
87568,1595,Confirmed
3352,1621,Not confirmed
29562,1668,Confirmed
70755,1638,Confirmed
81425,1138,Not confirmed
55797,1444,Confirmed
79568,1556,Confirmed
29163,1128,Not confirmed
25605,1081,Not confirmed
56449,1109,Not confirmed
53077,1268,Not confirmed
5352,1744,Confirmed
71640,1615,Not confirmed
75601,1000,Not confirmed
13617,1873,Not confirmed
97910,1772,Not confirmed
69553,1073,Confirmed
75610,1174,Not confirmed
82033,1027,Not confirmed
3398,1745,Not confirmed
89019,1716,Not confirmed
93825,1618,Confirmed
35638,1955,Confirmed
20904,1777,Not confirmed
97798,1816,Confirmed
44244,1564,Not confirmed
57056,1384,Not confirmed
46067,1740,Not confirmed
87537,1799,Confirmed
64208,1731,Confirmed
97751,1286,Confirmed
53677,1763,Not confirmed
49303,1309,Not confirmed
45973,1811,Not confirmed
36492,1325,Confirmed
52274,1525,Confirmed
29050,1830,Not confirmed
22698,1239,Not confirmed
23541,1693,Confirmed
8594,1358,Confirmed
21815,1064,Not confirmed
64626,1012,Not confirmed
80442,1245,Not confirmed
46144,1019,Confirmed
71151,1997,Confirmed
36492,1122,Not confirmed
45297,1647,Confirmed
16052,1127,Not confirmed
77931,1830,Not confirmed
32179,1310,Confirmed
62474,1031,Confirmed
84506,1790,Not confirmed
76965,1882,Not confirmed
31007,1635,Confirmed
8295,1457,Confirmed
64271,1530,Not confirmed
1931,1392,Not confirmed
88843,1877,Confirmed
47821,1100,Confirmed
95448,1075,Not confirmed
49853,1494,Confirmed
70884,1618,Not confirmed
32814,1700,Not confirmed
2533,1502,Not confirmed
78752,1341,Not confirmed
7548,1480,Not confirmed
75027,1198,Not confirmed
53642,1944,Confirmed
79518,1968,Confirmed
65887,1137,Not confirmed
14537,1350,Not confirmed
70781,1049,Confirmed
21280,1291,Not confirmed
71098,1391,Confirmed
18340,1976,Confirmed
92823,1181,Confirmed
36612,1208,Not confirmed
28754,1493,Not confirmed
5352,1856,Confirmed
27017,1080,Not confirmed
36105,1288,Not confirmed
31321,1107,Confirmed
35142,1173,Confirmed
26163,1419,Confirmed
84719,1115,Confirmed
9497,1726,Confirmed
74113,1199,Confirmed
14832,1183,Not confirmed
17270,1099,Confirmed
13526,1533,Not confirmed
62881,1826,Not confirmed
55950,1299,Not confirmed
49695,1380,Not confirmed
70576,1028,Not confirmed
89786,1113,Not confirmed
58862,1225,Confirmed
3794,1274,Not confirmed
3858,1456,Not confirmed
63791,1761,Not confirmed
40479,1817,Confirmed
99858,1185,Not confirmed
95603,1635,Not confirmed
62172,1108,Not confirmed
87601,1001,Not confirmed
65607,1629,Confirmed
88908,1630,Not confirmed
4068,1671,Not confirmed
98623,1436,Confirmed
66426,1911,Confirmed
60210,1030,Confirmed
71715,1906,Not confirmed
62521,1514,Not confirmed
26835,1497,Confirmed
23958,1057,Confirmed
52898,1652,Confirmed
57973,1378,Confirmed
89924,1900,Not confirmed
53540,1180,Not confirmed
41073,1001,Confirmed
54687,1699,Not confirmed
3858,1334,Confirmed
13595,1068,Confirmed
88439,1405,Confirmed
37172,1424,Confirmed
15436,1553,Not confirmed
44329,1069,Not confirmed
92340,1461,Not confirmed
50824,1187,Not confirmed
98790,1812,Confirmed
48528,1343,Confirmed
96913,1919,Confirmed
94940,1839,Confirmed
35506,1719,Not confirmed
75043,1954,Not confirmed
24704,1761,Not confirmed
29050,1220,Not confirmed
55530,1984,Confirmed
14698,1089,Confirmed
75000,1075,Confirmed
79568,1011,Not confirmed
32059,1005,Confirmed
66966,1308,Confirmed
12044,1895,Not confirmed
82323,1540,Confirmed
16423,1590,Not confirmed
33751,1413,Not confirmed
82555,1079,Not confirmed
60977,1187,Confirmed
50370,1388,Confirmed
59713,1311,Not confirmed
96913,1655,Confirmed
29249,1444,Confirmed
78351,1949,Not confirmed
22629,1242,Not confirmed
2305,1577,Confirmed
49476,1277,Not confirmed
76013,1022,Confirmed
67999,1243,Not confirmed
66170,1954,Confirmed
58862,1571,Confirmed
1865,1274,Confirmed
86202,1358,Confirmed
17671,1856,Confirmed
75006,1029,Confirmed
50824,1414,Not confirmed
33593,1015,Not confirmed
23958,1789,Confirmed
7925,1773,Not confirmed
43879,1069,Not confirmed
21999,1829,Not confirmed
63773,1820,Confirmed
47397,1302,Not confirmed
33860,1137,Confirmed
82316,1027,Confirmed
5352,1900,Not confirmed
83874,1082,Not confirmed
29519,1868,Not confirmed
66129,1831,Confirmed
1210,1900,Not confirmed
34341,1758,Confirmed
53391,1745,Not confirmed
90222,1396,Confirmed
57285,1614,Confirmed
65748,1718,Not confirmed
57050,1376,Not confirmed
69722,1818,Confirmed
69359,1492,Confirmed
13200,1126,Not confirmed
49185,1384,Not confirmed
66028,1607,Confirmed
66426,1577,Not confirmed
93155,1864,Not confirmed
85481,1044,Not confirmed
33222,1602,Not confirmed
10917,1506,Not confirmed
14130,1326,Not confirmed
63773,1365,Confirmed
43186,1861,Confirmed
16364,1703,Confirmed
34122,1706,Confirmed
40775,1369,Not confirmed
84570,1623,Not confirmed
89524,1084,Confirmed
80442,1162,Confirmed
30182,1957,Confirmed
60394,1876,Not confirmed
36105,1560,Not confirmed
26163,1477,Not confirmed
36105,1926,Confirmed
33222,1649,Not confirmed
8295,1504,Not confirmed
14130,1093,Not confirmed
34103,1413,Confirmed
46534,1687,Not confirmed
16913,1821,Confirmed
10949,1742,Not confirmed
52455,1933,Not confirmed
26170,1256,Confirmed
99264,1971,Not confirmed
81549,1831,Not confirmed
73729,1005,Not confirmed
49757,1989,Confirmed
53639,1115,Not confirmed
66129,1675,Confirmed
62172,1329,Confirmed
89019,1258,Not confirmed
30346,1161,Confirmed
46633,1012,Confirmed
9565,1125,Not confirmed
40743,1645,Not confirmed
91903,1706,Confirmed
25605,1502,Confirmed
86687,1266,Not confirmed
78009,1589,Not confirmed
36979,1238,Confirmed
18783,1448,Confirmed
60544,1724,Not confirmed
15436,1511,Not confirmed
37470,1070,Confirmed
47397,1860,Confirmed
5387,1810,Not confirmed
98107,1386,Not confirmed
3963,1024,Not confirmed
75006,1462,Not confirmed
26939,1887,Confirmed
74021,1240,Confirmed
79540,1583,Not confirmed
52035,1409,Not confirmed
56754,1065,Not confirmed
55625,1705,Not confirmed
14564,1276,Not confirmed
86318,1044,Confirmed
63633,1363,Confirmed
22963,1430,Confirmed
83874,1196,Not confirmed
89019,1886,Not confirmed
44440,1531,Not confirmed
46097,1279,Not confirmed
60002,1350,Confirmed
11772,1508,Confirmed
95157,1284,Confirmed
68418,1992,Not confirmed
88634,1089,Not confirmed
12035,1367,Confirmed
43186,1598,Not confirmed
64035,1699,Confirmed
30097,1047,Confirmed
42755,1346,Not confirmed
92553,1967,Confirmed
82290,1242,Confirmed
48528,1984,Confirmed
2614,1698,Confirmed
47059,1099,Confirmed
27226,1921,Not confirmed
41474,1695,Not confirmed
60577,1748,Not confirmed
76013,1502,Confirmed
55075,1368,Confirmed
20660,1700,Not confirmed
24906,1211,Not confirmed
64626,1095,Confirmed
49973,1888,Not confirmed
97910,1247,Confirmed
39040,1823,Not confirmed
80540,1744,Confirmed
81446,1899,Not confirmed
59221,1087,Confirmed
86003,1003,Not confirmed
68657,1488,Confirmed
36700,1032,Not confirmed
95146,1037,Confirmed
14690,1997,Confirmed
50120,1030,Not confirmed
8678,1196,Confirmed
23879,1582,Not confirmed
81622,1131,Not confirmed
29630,1205,Not confirmed
57936,1212,Confirmed
86908,1263,Not confirmed
28367,1948,Not confirmed
39121,1006,Confirmed
3098,1191,Not confirmed
65412,1035,Confirmed
90394,1075,Not confirmed
10018,1780,Not confirmed
18509,1239,Not confirmed
33593,1807,Not confirmed
72550,1017,Confirmed
65118,1462,Confirmed
40954,1380,Not confirmed
11993,1940,Confirmed
34122,1695,Not confirmed
6634,1460,Confirmed
17671,1361,Confirmed
82033,1853,Confirmed
34273,1316,Confirmed
23264,1355,Confirmed
32059,1961,Confirmed
91870,1588,Confirmed
60002,1761,Not confirmed
76386,1859,Confirmed
15524,1188,Confirmed
30907,1768,Not confirmed
47807,1183,Confirmed
80540,1511,Confirmed
86908,1764,Confirmed
42576,1045,Not confirmed
64035,1954,Not confirmed
38000,1978,Confirmed
72618,1207,Confirmed
56243,1823,Confirmed
22747,1385,Confirmed
69722,1953,Confirmed
57050,1655,Not confirmed
3514,1755,Not confirmed
59621,1888,Confirmed
3670,1891,Not confirmed
7783,1102,Not confirmed
31311,1694,Confirmed
48649,1422,Confirmed
14698,1247,Not confirmed
45211,1603,Confirmed
78261,1164,Confirmed
81255,1374,Not confirmed
49303,1727,Confirmed
84570,1901,Not confirmed
20916,1186,Not confirmed
94512,1145,Not confirmed
78009,1119,Not confirmed
927,1279,Confirmed
55692,1953,Not confirmed
80262,1295,Not confirmed
46456,1923,Confirmed
84274,1317,Not confirmed
11887,1734,Not confirmed
23264,1431,Confirmed
10018,1438,Not confirmed
10437,1225,Confirmed
89786,1621,Confirmed
48931,1072,Not confirmed
60977,1466,Not confirmed
75027,1550,Confirmed
89524,1275,Not confirmed
93155,1750,Not confirmed
89786,1493,Not confirmed
53555,1326,Not confirmed
55692,1812,Confirmed
64208,1105,Not confirmed
11255,1957,Not confirmed
57145,1854,Confirmed
34940,1923,Not confirmed
8051,1862,Confirmed
33059,1072,Not confirmed
3514,1338,Not confirmed
8295,1486,Not confirmed
93922,1708,Confirmed
86623,1510,Not confirmed
21118,1678,Not confirmed
81907,1379,Confirmed
2214,1835,Not confirmed
60577,1767,Not confirmed
92823,1959,Not confirmed
80142,1345,Not confirmed
1931,1870,Confirmed
19718,1443,Confirmed
60836,1422,Confirmed
66881,1582,Confirmed
31509,1433,Confirmed
44771,1985,Confirmed
37172,1880,Not confirmed
5444,1552,Not confirmed
12143,1945,Not confirmed
81425,1904,Confirmed
88634,1663,Confirmed
65209,1770,Confirmed
28353,1244,Not confirmed
1861,1570,Not confirmed
14516,1547,Not confirmed
50007,1651,Confirmed
33593,1033,Not confirmed
27017,1709,Not confirmed
93868,1720,Not confirmed
89361,1757,Not confirmed
99420,1973,Confirmed
60895,1540,Confirmed
5824,1670,Not confirmed
14023,1981,Confirmed
82555,1258,Not confirmed
89739,1405,Not confirmed
16423,1132,Confirmed
97798,1108,Not confirmed
59941,1758,Confirmed
29163,1850,Not confirmed
55912,1133,Not confirmed
31321,1767,Not confirmed
60839,1974,Confirmed
88439,1246,Confirmed
13825,1898,Confirmed
88685,1463,Confirmed
23203,1164,Confirmed
51731,1245,Not confirmed
18815,1247,Confirmed
35737,1194,Confirmed
55461,1885,Confirmed
98623,1603,Not confirmed
77132,1284,Not confirmed
13432,1909,Confirmed
26430,1762,Confirmed
86908,1655,Confirmed
17292,1219,Confirmed
93460,1286,Confirmed
25854,1272,Confirmed
76013,1960,Not confirmed
92553,1642,Not confirmed
79518,1622,Confirmed
62961,1826,Confirmed
46661,1612,Confirmed
53642,1446,Confirmed
59629,1647,Not confirmed
9139,1659,Confirmed
43940,1094,Not confirmed
72476,1235,Not confirmed
34366,1782,Confirmed
79731,1098,Not confirmed
40372,1588,Not confirmed
510,1513,Confirmed
87576,1243,Not confirmed
3514,1741,Not confirmed
75043,1597,Confirmed
40755,1983,Not confirmed
49973,1103,Confirmed
70884,1611,Not confirmed
56754,1903,Confirmed
14564,1159,Confirmed
11804,1499,Not confirmed
76013,1804,Confirmed
98242,1384,Not confirmed
62715,1836,Not confirmed
78351,1743,Confirmed
76965,1872,Confirmed
50354,1625,Not confirmed
67405,1489,Not confirmed
27200,1475,Not confirmed
60588,1323,Not confirmed
92340,1139,Confirmed
88843,1897,Not confirmed
34115,1214,Confirmed
44094,1633,Confirmed
26917,1374,Confirmed
43798,1066,Confirmed
29163,1788,Confirmed
14698,1185,Not confirmed
80501,1150,Confirmed
20904,1169,Confirmed
57973,1943,Confirmed
42935,1048,Not confirmed
62723,1777,Confirmed
25605,1095,Confirmed
59525,1582,Confirmed
33059,1639,Confirmed
30255,1197,Not confirmed
45973,1147,Confirmed
52261,1344,Confirmed
73006,1310,Confirmed
95833,1550,Not confirmed
6374,1063,Confirmed
55625,1927,Confirmed
87568,1764,Confirmed
64258,1489,Confirmed
97436,1905,Confirmed
56449,1587,Not confirmed
36051,1863,Confirmed
36684,1820,Not confirmed
10342,1130,Confirmed
83168,1338,Not confirmed
14698,1757,Not confirmed
99420,1478,Confirmed
42755,1466,Not confirmed
94883,1296,Confirmed
59423,1132,Confirmed
85525,1988,Not confirmed
97751,1882,Not confirmed
41278,1725,Not confirmed
54192,1905,Not confirmed
3566,1368,Confirmed
92815,1335,Confirmed
52898,1710,Confirmed
3902,1575,Not confirmed
18783,1584,Not confirmed
51705,1525,Confirmed
2614,1436,Confirmed
46097,1612,Not confirmed
30097,1958,Confirmed
47601,1972,Confirmed
47261,1985,Not confirmed
10437,1319,Confirmed
76009,1347,Confirmed
88439,1881,Confirmed
63633,1291,Not confirmed
26939,1365,Confirmed
14832,1994,Not confirmed
18517,1586,Confirmed
36772,1423,Confirmed
4065,1801,Not confirmed
2413,1784,Confirmed
82555,1518,Not confirmed
20544,1932,Confirmed
8731,1680,Confirmed
68556,1368,Confirmed
3039,1541,Not confirmed
21996,1398,Not confirmed
55167,1157,Not confirmed
43839,1301,Confirmed
47959,1524,Not confirmed
36184,1884,Confirmed
71715,1308,Confirmed
45608,1764,Confirmed
86392,1020,Confirmed
57285,1022,Not confirmed
82555,1935,Confirmed
14564,1345,Not confirmed
37103,1791,Confirmed
13825,1584,Confirmed
81446,1352,Confirmed
58652,1360,Confirmed
80378,1162,Confirmed
24115,1532,Confirmed
30326,1777,Not confirmed
78432,1163,Not confirmed
36095,1744,Confirmed
15436,1641,Confirmed
28668,1027,Not confirmed
88983,1377,Not confirmed
13002,1085,Not confirmed
18277,1720,Not confirmed
64834,1417,Not confirmed
20805,1252,Confirmed
16980,1920,Confirmed
99075,1090,Not confirmed
66881,1645,Not confirmed
38358,1323,Confirmed
1931,1596,Not confirmed
31321,1353,Confirmed
57050,1018,Not confirmed
79022,1520,Not confirmed
97751,1628,Confirmed
93990,1609,Confirmed
82093,1768,Not confirmed
71640,1885,Not confirmed
56801,1252,Not confirmed
69721,1330,Confirmed
93627,1467,Confirmed
83766,1859,Not confirmed
89206,1675,Confirmed
82379,1548,Not confirmed
76965,1866,Not confirmed
59221,1463,Not confirmed
5039,1429,Not confirmed
23264,1847,Not confirmed
12873,1721,Not confirmed
19519,1695,Not confirmed
13421,1190,Not confirmed
19709,1562,Not confirmed
30462,1541,Not confirmed
70725,1103,Not confirmed
83766,1892,Confirmed
77048,1987,Not confirmed
90693,1529,Confirmed
82828,1963,Not confirmed
54192,1865,Confirmed
47596,1266,Not confirmed
19571,1802,Confirmed
81622,1578,Confirmed
68556,1322,Not confirmed
77852,1558,Not confirmed
22650,1143,Confirmed
76328,1123,Confirmed
6818,1710,Confirmed
58862,1553,Confirmed
53056,1975,Not confirmed
26896,1863,Not confirmed
24115,1177,Not confirmed
57050,1444,Confirmed
42176,1999,Confirmed
27017,1900,Confirmed
36942,1419,Not confirmed
34228,1371,Confirmed
73392,1616,Confirmed
17671,1775,Confirmed
69725,1958,Not confirmed
55692,1535,Confirmed
62923,1516,Confirmed
41194,1790,Not confirmed
15525,1532,Not confirmed
11396,1887,Confirmed
79518,1465,Not confirmed
65438,1933,Confirmed
34115,1635,Not confirmed
36987,1004,Confirmed
43753,1414,Confirmed
76009,1212,Confirmed
48575,1595,Not confirmed
89157,1157,Confirmed
84509,1532,Confirmed
65209,1259,Confirmed
18067,1600,Not confirmed
81559,1631,Confirmed
23541,1269,Confirmed
2413,1275,Not confirmed
53677,1426,Not confirmed
80540,1268,Confirmed
58652,1699,Not confirmed
72681,1794,Confirmed
41845,1497,Confirmed
34115,1535,Not confirmed
13113,1779,Not confirmed
93664,1054,Not confirmed
13526,1153,Not confirmed
58190,1896,Confirmed
26896,1282,Not confirmed
67114,1981,Confirmed
34115,1492,Not confirmed
86352,1155,Not confirmed
56703,1474,Confirmed
66129,1852,Not confirmed
76939,1452,Confirmed
18509,1269,Not confirmed
74021,1839,Confirmed
63790,1786,Not confirmed
81622,1040,Confirmed
51012,1083,Not confirmed
16609,1486,Confirmed
62521,1536,Not confirmed
8295,1169,Confirmed
5444,1601,Not confirmed
51773,1205,Not confirmed
91679,1043,Confirmed
86392,1817,Confirmed
78684,1790,Not confirmed
40094,1568,Not confirmed
58652,1535,Confirmed
20544,1196,Not confirmed
7606,1831,Not confirmed
13766,1408,Not confirmed
40604,1985,Confirmed
73783,1883,Confirmed
44329,1032,Confirmed
91722,1479,Not confirmed
41474,1088,Confirmed
64208,1478,Confirmed
80442,1953,Confirmed
71287,1937,Confirmed
51320,1393,Confirmed
92392,1625,Not confirmed
48441,1982,Confirmed
36772,1755,Not confirmed
28367,1037,Confirmed
81054,1774,Confirmed
13766,1004,Not confirmed
20660,1240,Not confirmed
7548,1202,Confirmed
46809,1179,Confirmed
98242,1562,Not confirmed
66966,1271,Not confirmed
45896,1431,Not confirmed
61716,1046,Confirmed
23203,1312,Confirmed
10949,1087,Confirmed
45278,1605,Not confirmed
88685,1701,Not confirmed
16131,1569,Not confirmed
14537,1496,Not confirmed
59525,1776,Not confirmed
94220,1034,Not confirmed
80442,1995,Confirmed
40094,1156,Confirmed
36055,1876,Confirmed
65917,1332,Not confirmed
73073,1680,Not confirmed
35272,1521,Confirmed
60394,1892,Not confirmed
26163,1961,Not confirmed
56568,1323,Not confirmed
68365,1929,Not confirmed
67321,1979,Confirmed
92553,1770,Not confirmed
6183,1716,Confirmed
77931,1853,Not confirmed
54054,1231,Confirmed
70755,1266,Not confirmed
70755,1946,Not confirmed
83887,1425,Not confirmed
56729,1091,Not confirmed
80946,1031,Not confirmed
39599,1256,Confirmed
7925,1927,Confirmed
49973,1417,Not confirmed
14690,1459,Not confirmed
88396,1860,Confirmed
13200,1171,Not confirmed
26163,1661,Confirmed
4232,1451,Not confirmed
76823,1254,Confirmed
71502,1263,Confirmed
73188,1421,Confirmed
91903,1662,Confirmed
85082,1126,Confirmed
31509,1978,Not confirmed
82051,1158,Not confirmed
99552,1852,Confirmed
5869,1683,Not confirmed
5824,1275,Not confirmed
79518,1104,Not confirmed
77852,1319,Confirmed
34547,1930,Not confirmed
65412,1163,Confirmed
30907,1795,Confirmed
31007,1055,Confirmed
33686,1636,Confirmed
70377,1944,Not confirmed
81622,1356,Confirmed
39999,1795,Confirmed
8416,1690,Not confirmed
5869,1715,Not confirmed
30326,1093,Not confirmed
47261,1586,Confirmed
83874,1302,Confirmed
84509,1409,Confirmed
9697,1580,Not confirmed
11009,1762,Confirmed
91867,1874,Confirmed
71360,1405,Not confirmed
53733,1333,Not confirmed
65753,1874,Not confirmed
31007,1365,Not confirmed
36351,1052,Not confirmed
4252,1768,Not confirmed
81369,1155,Not confirmed
24704,1827,Not confirmed
14690,1679,Not confirmed
73100,1521,Not confirmed
36184,1520,Confirmed
18340,1845,Confirmed
37902,1385,Confirmed
10437,1810,Not confirmed
57285,1034,Confirmed
53230,1334,Not confirmed
95833,1262,Confirmed
57145,1756,Not confirmed
57880,1290,Not confirmed
93924,1131,Not confirmed
81268,1256,Confirmed
76766,1266,Not confirmed
75006,1540,Not confirmed
36051,1440,Confirmed
62730,1954,Not confirmed
98135,1719,Not confirmed
66028,1087,Confirmed
78432,1530,Not confirmed
53391,1200,Confirmed
24055,1331,Confirmed
75601,1704,Not confirmed
5039,1376,Not confirmed
55461,1652,Not confirmed
91867,1151,Confirmed
77852,1775,Not confirmed
82555,1355,Not confirmed
32814,1821,Confirmed
73392,1051,Confirmed
36700,1402,Not confirmed
87173,1341,Not confirmed
71098,1011,Not confirmed
58665,1945,Confirmed
56449,1447,Confirmed
60836,1354,Not confirmed
86908,1332,Confirmed
51554,1644,Not confirmed
31087,1402,Confirmed
1210,1571,Confirmed
23574,1466,Confirmed
22698,1806,Confirmed
62172,1566,Confirmed
7561,1670,Confirmed
22404,1865,Not confirmed
1861,1478,Not confirmed
62923,1077,Confirmed
59423,1576,Not confirmed
96240,1679,Not confirmed
10717,1845,Not confirmed
538,1427,Confirmed
64626,1448,Not confirmed
94883,1148,Not confirmed
39040,1783,Confirmed
10949,1403,Not confirmed
7548,1080,Not confirmed
23469,1880,Confirmed
71091,1463,Not confirmed
79271,1489,Confirmed
93825,1780,Confirmed
32471,1622,Not confirmed
78501,1746,Confirmed
92392,1574,Confirmed
36772,1656,Not confirmed
13595,1667,Confirmed
86378,1174,Confirmed
88439,1325,Confirmed
46633,1618,Confirmed
80840,1636,Confirmed
43753,1473,Confirmed
40605,1768,Not confirmed
89157,1231,Not confirmed
81549,1784,Not confirmed
60836,1269,Not confirmed
81979,1469,Not confirmed
63790,1576,Confirmed
43851,1157,Not confirmed
60901,1131,Not confirmed
20904,1372,Confirmed
2614,1515,Not confirmed
84010,1415,Confirmed
58665,1092,Not confirmed
36700,1884,Confirmed
84719,1797,Confirmed
62715,1794,Not confirmed
62881,1510,Not confirmed
59720,1408,Confirmed
39040,1277,Confirmed
84719,1917,Not confirmed
9697,1101,Confirmed
14564,1603,Confirmed
54950,1666,Not confirmed
51731,1332,Not confirmed
11993,1569,Not confirmed
22255,1817,Confirmed
12665,1498,Confirmed
18815,1987,Not confirmed
36051,1380,Confirmed
10342,1343,Confirmed
43829,1723,Confirmed
37103,1420,Not confirmed
98623,1895,Confirmed
46067,1473,Not confirmed
93868,1660,Not confirmed
49695,1609,Confirmed
58665,1961,Not confirmed
39089,1780,Confirmed
82379,1163,Confirmed
82093,1460,Not confirmed
55461,1080,Confirmed
89157,1824,Not confirmed
37350,1087,Not confirmed
68418,1400,Confirmed
98790,1742,Not confirmed
6374,1991,Not confirmed
58190,1164,Not confirmed
89019,1946,Confirmed
74505,1924,Confirmed
49476,1546,Confirmed
21280,1168,Confirmed
92634,1558,Confirmed
83175,1953,Not confirmed
30462,1663,Confirmed
55394,1421,Confirmed
1043,1551,Confirmed
22629,1598,Not confirmed
43851,1805,Confirmed
38358,1861,Confirmed
65418,1686,Confirmed
22404,1428,Confirmed
42176,1767,Not confirmed
39089,1352,Not confirmed
99732,1562,Not confirmed
8802,1107,Confirmed
22629,1949,Not confirmed
44720,1070,Not confirmed
4211,1928,Not confirmed
14130,1849,Confirmed
36095,1630,Not confirmed
22204,1760,Confirmed
35314,1090,Confirmed
36612,1903,Confirmed
73729,1673,Not confirmed
47029,1405,Not confirmed
80668,1129,Not confirmed
76779,1620,Not confirmed
86178,1553,Not confirmed
71502,1087,Confirmed
65163,1098,Confirmed
40743,1944,Not confirmed
64035,1633,Not confirmed
94553,1835,Confirmed
98107,1878,Confirmed
80842,1969,Not confirmed
38013,1312,Confirmed
78351,1851,Not confirmed
88396,1193,Not confirmed
95157,1919,Not confirmed
57973,1959,Confirmed
53555,1507,Not confirmed
40468,1338,Not confirmed
21654,1072,Not confirmed
15844,1900,Not confirmed
62521,1957,Confirmed
84142,1172,Confirmed
83777,1703,Confirmed
82555,1910,Not confirmed
63773,1795,Confirmed
20041,1875,Not confirmed
54950,1578,Not confirmed
65118,1650,Confirmed
53992,1104,Not confirmed
89586,1630,Confirmed
71947,1363,Not confirmed
36926,1949,Not confirmed
18923,1345,Not confirmed
3500,1046,Confirmed
14537,1846,Confirmed
63633,1272,Confirmed
1818,1194,Not confirmed
71494,1809,Not confirmed
71091,1112,Not confirmed
95623,1510,Confirmed
53119,1273,Not confirmed
56243,1696,Not confirmed
71287,1749,Confirmed
94220,1015,Not confirmed
16423,1146,Confirmed
13002,1561,Confirmed
29371,1237,Not confirmed
53992,1901,Confirmed
78351,1672,Confirmed
76113,1050,Not confirmed
23264,1149,Confirmed
15151,1832,Not confirmed
31311,1594,Not confirmed
3963,1100,Confirmed
55144,1296,Confirmed
88774,1414,Confirmed
79920,1111,Not confirmed
75043,1348,Confirmed
40775,1209,Not confirmed
95446,1302,Confirmed
22255,1267,Confirmed
12515,1793,Confirmed
48441,1914,Not confirmed
75601,1199,Confirmed
97436,1946,Confirmed
47601,1436,Confirmed
65133,1031,Confirmed
49123,1234,Not confirmed
58665,1968,Not confirmed
56754,1652,Not confirmed
26939,1343,Confirmed
81425,1342,Confirmed
53021,1693,Confirmed
60977,1559,Confirmed
20544,1365,Confirmed
79920,1957,Not confirmed
70781,1368,Confirmed
65412,1036,Not confirmed
5387,1794,Confirmed
82033,1290,Not confirmed
40479,1917,Not confirmed
71640,1251,Confirmed
93922,1385,Not confirmed
98623,1042,Confirmed
70576,1114,Not confirmed
70725,1348,Not confirmed
60394,1701,Confirmed
30255,1015,Not confirmed
12948,1695,Confirmed
39313,1423,Not confirmed
41073,1383,Confirmed
36700,1622,Not confirmed
36942,1444,Not confirmed
86046,1085,Confirmed
58665,1967,Confirmed
3566,1553,Not confirmed
86178,1469,Confirmed
90394,1551,Not confirmed
92634,1491,Confirmed
74217,1185,Confirmed
56243,1844,Confirmed
35172,1452,Confirmed
81979,1306,Not confirmed
89739,1321,Not confirmed
14516,1905,Not confirmed
5824,1734,Confirmed
59713,1302,Not confirmed
82051,1196,Confirmed
90693,1722,Not confirmed
64208,1491,Not confirmed
98135,1595,Not confirmed
8924,1360,Confirmed
53733,1351,Confirmed
24704,1712,Not confirmed
41278,1399,Not confirmed
39089,1892,Confirmed
81559,1147,Not confirmed
95111,1719,Confirmed
9139,1815,Not confirmed
40687,1568,Not confirmed
58665,1278,Not confirmed
29050,1955,Confirmed
16131,1835,Confirmed
43180,1975,Confirmed
82051,1260,Confirmed
28367,1433,Not confirmed
82379,1067,Confirmed
72476,1209,Confirmed
91458,1919,Confirmed
17122,1700,Not confirmed
72550,1637,Not confirmed
71494,1873,Confirmed
25571,1382,Confirmed
68365,1438,Not confirmed
51773,1802,Not confirmed
94553,1128,Not confirmed
60577,1320,Not confirmed
86687,1974,Confirmed
62723,1193,Not confirmed
68206,1278,Confirmed
56444,1992,Not confirmed
83874,1758,Not confirmed
95833,1529,Confirmed
12873,1079,Confirmed
99858,1612,Confirmed
83175,1833,Confirmed
60588,1109,Not confirmed
22191,1337,Confirmed
41656,1395,Confirmed
36942,1155,Not confirmed
58446,1967,Confirmed
66881,1722,Confirmed
30182,1772,Not confirmed
23879,1694,Confirmed
86392,1632,Confirmed
47924,1208,Not confirmed
72968,1344,Not confirmed
55530,1950,Confirmed
56703,1500,Not confirmed
98958,1116,Not confirmed
98135,1854,Confirmed
51320,1670,Not confirmed
23358,1641,Not confirmed
36095,1484,Not confirmed
11255,1208,Confirmed
87568,1825,Confirmed
1920,1675,Not confirmed
86318,1406,Not confirmed
64258,1101,Not confirmed
41278,1808,Confirmed
73459,1930,Not confirmed
65163,1102,Not confirmed
49757,1247,Confirmed
87245,1476,Confirmed
95358,1705,Not confirmed
71287,1790,Confirmed
8308,1480,Not confirmed
83766,1033,Not confirmed
21999,1706,Not confirmed
99420,1118,Confirmed
84509,1692,Confirmed
50120,1415,Confirmed
38358,1227,Confirmed
65607,1283,Not confirmed
5961,1355,Confirmed
45608,1106,Confirmed
7045,1882,Not confirmed
45297,1767,Confirmed
40605,1419,Not confirmed
95650,1149,Not confirmed
84005,1401,Confirmed
25860,1957,Not confirmed
81054,1383,Not confirmed
72619,1494,Not confirmed
41224,1675,Not confirmed
72476,1383,Confirmed
82379,1678,Not confirmed
13526,1945,Confirmed
18814,1542,Not confirmed
74625,1476,Confirmed
83515,1839,Not confirmed
34115,1191,Not confirmed
66974,1074,Confirmed
86008,1382,Not confirmed
42576,1187,Confirmed
94883,1810,Confirmed
35638,1810,Confirmed
63633,1322,Confirmed
8928,1678,Confirmed
33751,1309,Not confirmed
83623,1673,Not confirmed
67999,1144,Not confirmed
4644,1063,Confirmed
35172,1156,Not confirmed
36351,1462,Not confirmed
56568,1400,Confirmed
3500,1805,Confirmed
15267,1788,Confirmed
65753,1309,Confirmed
36987,1674,Not confirmed
59684,1367,Confirmed
31876,1683,Confirmed
36926,1572,Not confirmed
49853,1704,Confirmed
47959,1888,Confirmed
93155,1836,Confirmed
92340,1817,Confirmed
46097,1354,Not confirmed
94940,1289,Confirmed
65607,1939,Confirmed
74215,1671,Not confirmed
74113,1910,Confirmed
40604,1435,Not confirmed
72951,1928,Confirmed
43180,1406,Confirmed
5694,1320,Confirmed
79761,1736,Not confirmed
29410,1577,Not confirmed
2533,1193,Not confirmed
35779,1402,Confirmed
34366,1164,Not confirmed
893,1740,Confirmed
95833,1644,Not confirmed
82316,1456,Not confirmed
55625,1554,Confirmed
68206,1514,Not confirmed
24271,1372,Not confirmed
86655,1444,Confirmed
37902,1320,Confirmed
98958,1196,Not confirmed
53992,1424,Confirmed
81425,1227,Not confirmed
56298,1180,Not confirmed
4865,1274,Confirmed
27150,1816,Confirmed
14537,1345,Confirmed
62560,1897,Not confirmed
60836,1872,Confirmed
3514,1902,Not confirmed
77852,1375,Confirmed
36684,1673,Confirmed
99075,1445,Confirmed
18815,1057,Confirmed
47821,1224,Not confirmed
76779,1017,Not confirmed
8416,1696,Confirmed
79540,1715,Confirmed
83527,1531,Confirmed
76823,1025,Not confirmed
10018,1497,Confirmed
45821,1442,Not confirmed
79920,1795,Not confirmed
49185,1896,Confirmed
33751,1284,Confirmed
80540,1436,Confirmed
23958,1970,Not confirmed
93922,1873,Confirmed
87173,1164,Confirmed
43851,1366,Not confirmed
91458,1818,Not confirmed
35172,1785,Confirmed
81255,1969,Confirmed
12341,1066,Confirmed
30255,1883,Confirmed
87601,1569,Confirmed
97910,1397,Not confirmed
11887,1093,Confirmed
13595,1834,Confirmed
22629,1563,Confirmed
28668,1397,Not confirmed
5869,1643,Not confirmed
51731,1578,Confirmed
54565,1703,Confirmed
79540,1895,Confirmed
63633,1460,Confirmed
43851,1656,Not confirmed
23203,1436,Confirmed
65163,1448,Not confirmed
75610,1384,Not confirmed
2614,1715,Confirmed
93664,1196,Not confirmed
62297,1496,Confirmed
98403,1431,Not confirmed
68556,1188,Confirmed
30135,1209,Confirmed
26163,1924,Confirmed
6634,1340,Confirmed
26218,1468,Not confirmed
15528,1970,Not confirmed
53944,1198,Confirmed
60544,1375,Not confirmed
22014,1491,Not confirmed
21953,1911,Confirmed
36979,1465,Confirmed
88120,1930,Confirmed
25605,1514,Not confirmed
7548,1554,Confirmed
65527,1409,Not confirmed
20538,1563,Confirmed
35137,1409,Confirmed
19644,1972,Not confirmed
11772,1200,Not confirmed
54516,1505,Not confirmed
60544,1543,Not confirmed
33593,1136,Not confirmed
26790,1761,Confirmed
26790,1048,Not confirmed
76013,1765,Not confirmed
30462,1222,Confirmed
21996,1279,Not confirmed
4328,1759,Not confirmed
99858,1419,Not confirmed
22204,1400,Confirmed
88396,1191,Not confirmed
59221,1799,Confirmed
63790,1209,Confirmed
42576,1603,Confirmed
40847,1766,Confirmed
43180,1005,Not confirmed
80501,1394,Confirmed
70733,1799,Not confirmed
7043,1041,Confirmed
54687,1708,Not confirmed
71502,1114,Confirmed
59621,1096,Confirmed
25605,1302,Not confirmed
58557,1340,Not confirmed
57774,1640,Not confirmed
66028,1838,Confirmed
33059,1642,Not confirmed
89786,1810,Not confirmed
53733,1418,Not confirmed
36596,1630,Not confirmed
82290,1239,Not confirmed
51731,1026,Not confirmed
36105,1645,Not confirmed
73922,1641,Confirmed
58446,1244,Not confirmed
81622,1226,Not confirmed
74105,1055,Not confirmed
4065,1733,Not confirmed
34103,1323,Confirmed
45211,1750,Not confirmed
53391,1036,Confirmed
49185,1002,Confirmed
40479,1292,Not confirmed
79518,1646,Not confirmed
27017,1508,Confirmed
74021,1046,Not confirmed
18923,1619,Confirmed
19884,1184,Not confirmed
17510,1043,Not confirmed
80840,1952,Confirmed
56703,1423,Confirmed
91240,1571,Confirmed
53150,1383,Not confirmed
93868,1599,Confirmed
68657,1660,Confirmed
32783,1078,Confirmed
59713,1492,Not confirmed
46037,1280,Not confirmed
29562,1134,Not confirmed
95623,1264,Confirmed
59621,1239,Confirmed
84274,1693,Confirmed
62881,1719,Confirmed
36184,1075,Not confirmed
37470,1098,Confirmed
33593,1078,Confirmed
27956,1591,Confirmed
13454,1263,Confirmed
80540,1646,Confirmed
24271,1169,Not confirmed
22204,1531,Confirmed
89019,1422,Not confirmed
85082,1019,Not confirmed
32059,1284,Confirmed
1043,1351,Not confirmed
55075,1381,Confirmed
32814,1426,Confirmed
75357,1156,Not confirmed
99264,1330,Not confirmed
29249,1875,Not confirmed
11993,1575,Not confirmed
48575,1216,Confirmed
29050,1279,Not confirmed
70377,1185,Confirmed
55797,1550,Not confirmed
39999,1575,Not confirmed
83127,1970,Not confirmed
58446,1624,Not confirmed
27012,1083,Confirmed
70334,1434,Not confirmed
79562,1335,Not confirmed
37902,1000,Confirmed
33059,1102,Confirmed
89074,1575,Confirmed
53021,1895,Confirmed
86236,1694,Not confirmed
49185,1413,Confirmed
10917,1032,Confirmed
40479,1319,Confirmed
41224,1703,Not confirmed
29410,1348,Not confirmed
40479,1878,Not confirmed
15844,1412,Not confirmed
18814,1307,Not confirmed
51716,1765,Not confirmed
93155,1442,Confirmed
29630,1745,Not confirmed
92340,1942,Confirmed
56568,1505,Confirmed
74505,1508,Confirmed
75975,1372,Confirmed
59941,1599,Not confirmed
94889,1161,Confirmed
14516,1090,Confirmed
53041,1097,Confirmed
93825,1554,Not confirmed
3398,1138,Confirmed
75147,1314,Confirmed
65946,1538,Confirmed
73729,1429,Not confirmed
57145,1953,Confirmed
99892,1991,Confirmed
35779,1882,Confirmed
79562,1973,Not confirmed
88447,1283,Confirmed
84274,1483,Confirmed
81549,1706,Not confirmed
12948,1438,Not confirmed
51924,1307,Confirmed
30255,1445,Not confirmed
83874,1943,Not confirmed
26163,1472,Confirmed
80105,1979,Confirmed
27947,1806,Not confirmed
27995,1384,Confirmed
9139,1022,Not confirmed
69359,1791,Not confirmed
20105,1954,Confirmed
92429,1012,Confirmed
25927,1803,Not confirmed
56449,1246,Not confirmed
3039,1477,Not confirmed
510,1894,Confirmed
84719,1717,Confirmed
84509,1309,Confirmed
53642,1131,Confirmed
37103,1548,Confirmed
51773,1613,Not confirmed
52288,1748,Confirmed
60138,1127,Confirmed
28526,1736,Confirmed
6183,1048,Confirmed
33222,1232,Not confirmed
68778,1901,Confirmed
29163,1961,Not confirmed
88774,1495,Confirmed
40605,1427,Not confirmed
79593,1398,Not confirmed
59525,1805,Not confirmed
26218,1488,Confirmed
78752,1416,Confirmed
17122,1161,Not confirmed
46633,1667,Confirmed
99732,1751,Not confirmed
75440,1734,Not confirmed
81369,1691,Not confirmed
40743,1160,Not confirmed
69725,1777,Confirmed
81549,1801,Not confirmed
66716,1453,Confirmed
77931,1894,Not confirmed
34122,1866,Confirmed
37103,1758,Not confirmed
49819,1111,Not confirmed
31872,1450,Not confirmed
78684,1721,Not confirmed
60138,1456,Not confirmed
16364,1876,Not confirmed
92429,1584,Confirmed
84005,1162,Not confirmed
71640,1094,Confirmed
77275,1657,Not confirmed
68778,1165,Not confirmed
80540,1804,Confirmed
47029,1067,Not confirmed
83127,1086,Not confirmed
12515,1941,Confirmed
18277,1074,Confirmed
70133,1133,Not confirmed
1818,1590,Confirmed
27226,1594,Confirmed
46067,1493,Confirmed
91013,1558,Not confirmed
37350,1101,Not confirmed
26163,1851,Confirmed
46092,1596,Confirmed
41845,1455,Confirmed
64626,1415,Not confirmed
27226,1348,Confirmed
19709,1321,Confirmed
5694,1803,Not confirmed
22747,1411,Confirmed
51924,1977,Confirmed
51731,1660,Confirmed
34547,1575,Not confirmed
99526,1904,Not confirmed
57936,1305,Not confirmed
79731,1548,Not confirmed
13002,1170,Confirmed
89586,1656,Confirmed
98655,1841,Not confirmed
40201,1686,Confirmed
59629,1444,Confirmed
53555,1870,Not confirmed
69725,1468,Confirmed
48931,1656,Confirmed
34940,1505,Confirmed
83887,1985,Not confirmed
3902,1254,Confirmed
76658,1578,Confirmed
30097,1825,Not confirmed
81425,1119,Confirmed
27046,1903,Confirmed
88774,1503,Not confirmed
8594,1166,Not confirmed
80262,1884,Not confirmed
30326,1407,Confirmed
94767,1406,Confirmed
33365,1991,Not confirmed
54748,1881,Confirmed
71947,1638,Not confirmed
55461,1637,Not confirmed
83515,1246,Confirmed
94220,1527,Not confirmed
28754,1976,Not confirmed
94787,1818,Confirmed
48931,1359,Not confirmed
5963,1625,Confirmed
36596,1335,Confirmed
84719,1420,Confirmed
34103,1826,Confirmed
82033,1656,Confirmed
44918,1402,Confirmed
32179,1830,Confirmed
94918,1847,Confirmed
18517,1399,Not confirmed
79731,1159,Not confirmed
15267,1011,Confirmed
94889,1110,Not confirmed
53150,1846,Not confirmed
68657,1872,Confirmed
31087,1773,Not confirmed
13201,1979,Confirmed
26896,1723,Not confirmed
1865,1823,Not confirmed
41845,1324,Confirmed
73006,1992,Not confirmed
78432,1405,Confirmed
31301,1242,Confirmed
56405,1784,Not confirmed
53391,1053,Confirmed
86378,1558,Confirmed
74719,1812,Confirmed
3352,1403,Not confirmed
86202,1014,Confirmed
64221,1354,Confirmed
27995,1262,Not confirmed
79271,1571,Confirmed
22297,1632,Confirmed
10717,1742,Not confirmed
68556,1535,Confirmed
94940,1224,Confirmed
65118,1263,Not confirmed
28367,1696,Not confirmed
20887,1815,Confirmed
22035,1175,Confirmed
8731,1172,Not confirmed
95358,1169,Confirmed
38000,1609,Confirmed
66966,1233,Confirmed
20916,1519,Not confirmed
51554,1112,Confirmed
84506,1497,Confirmed
37911,1579,Not confirmed
42403,1806,Not confirmed
93924,1690,Confirmed
46661,1912,Not confirmed
76009,1305,Not confirmed
70334,1318,Not confirmed
32814,1467,Confirmed
60577,1954,Confirmed
58190,1702,Confirmed
59525,1372,Not confirmed
49549,1028,Not confirmed
28668,1073,Not confirmed
72951,1156,Confirmed
89586,1629,Not confirmed
5039,1839,Not confirmed
34228,1991,Not confirmed
27995,1593,Confirmed
27012,1628,Confirmed
16438,1187,Confirmed
67321,1415,Confirmed
38998,1110,Confirmed
24271,1046,Confirmed
71151,1402,Confirmed
20267,1033,Confirmed
38998,1936,Confirmed
81907,1868,Not confirmed
48528,1366,Confirmed
16131,1315,Confirmed
93627,1629,Confirmed
98623,1144,Confirmed
97751,1894,Not confirmed
27802,1223,Not confirmed
40775,1449,Confirmed
63791,1767,Not confirmed
42935,1806,Not confirmed
47587,1050,Not confirmed
33751,1555,Not confirmed
15528,1749,Confirmed
40372,1308,Confirmed
46037,1327,Not confirmed
56754,1572,Not confirmed
84487,1266,Confirmed
31273,1877,Not confirmed
7925,1702,Confirmed
26790,1956,Confirmed
8594,1486,Not confirmed
14516,1508,Not confirmed
11804,1292,Confirmed
78684,1158,Confirmed
75006,1037,Not confirmed
9697,1617,Confirmed
93204,1648,Not confirmed
54748,1015,Not confirmed
21815,1966,Not confirmed
37470,1290,Confirmed
70133,1105,Not confirmed
77048,1625,Confirmed
81255,1349,Confirmed
84278,1283,Confirmed
91903,1074,Confirmed
22698,1340,Confirmed
7045,1923,Not confirmed
28564,1562,Confirmed
56801,1152,Confirmed
66129,1480,Not confirmed
57050,1711,Not confirmed
49303,1235,Not confirmed
36184,1982,Confirmed
78684,1350,Confirmed
18815,1670,Not confirmed
62961,1006,Confirmed
88120,1116,Confirmed
47924,1922,Confirmed
9245,1154,Confirmed
49695,1872,Confirmed
95446,1551,Not confirmed
19519,1615,Confirmed
91240,1863,Confirmed
51012,1261,Not confirmed
95623,1682,Confirmed
79540,1700,Not confirmed
66974,1115,Not confirmed
70910,1797,Confirmed
53642,1138,Confirmed
35172,1216,Confirmed
16913,1757,Not confirmed
60138,1508,Confirmed
7043,1673,Not confirmed
88372,1854,Confirmed
23273,1460,Not confirmed
40201,1038,Confirmed
49757,1870,Confirmed
43753,1276,Not confirmed
41474,1968,Confirmed
33686,1708,Confirmed
59525,1275,Confirmed
40847,1018,Confirmed
52261,1820,Not confirmed
29630,1230,Not confirmed
31987,1354,Confirmed
51554,1300,Confirmed
91903,1973,Not confirmed
4328,1685,Confirmed
92862,1769,Confirmed
76965,1111,Confirmed
64221,1441,Not confirmed
40847,1974,Not confirmed
12051,1914,Not confirmed
10917,1652,Confirmed
76766,1917,Not confirmed
73922,1189,Confirmed
23469,1708,Not confirmed
89206,1363,Confirmed
81369,1782,Not confirmed
7568,1346,Confirmed
3902,1662,Confirmed
44094,1847,Not confirmed
28585,1378,Not confirmed
31987,1033,Not confirmed
24704,1832,Confirmed
62961,1516,Not confirmed
22191,1158,Not confirmed
26216,1697,Not confirmed
85905,1981,Confirmed
23264,1962,Confirmed
46037,1699,Confirmed
52420,1698,Confirmed
7386,1272,Not confirmed
28367,1101,Not confirmed
27785,1496,Not confirmed
95358,1519,Not confirmed
13454,1118,Confirmed
11258,1580,Confirmed
89781,1222,Confirmed
10084,1136,Confirmed
30326,1270,Not confirmed
90963,1139,Not confirmed
75006,1828,Not confirmed
58906,1889,Not confirmed
98958,1388,Not confirmed
8051,1861,Not confirmed
93664,1691,Not confirmed
58557,1926,Confirmed
66881,1992,Confirmed
46144,1411,Confirmed
88908,1021,Confirmed
2614,1439,Not confirmed
97798,1846,Confirmed
49185,1580,Not confirmed
85082,1406,Confirmed
70755,1348,Not confirmed
15240,1200,Not confirmed
47029,1269,Confirmed
94767,1340,Confirmed
4211,1375,Confirmed
7925,1699,Not confirmed
91193,1491,Not confirmed
49757,1741,Confirmed
18517,1204,Confirmed
32712,1048,Not confirmed
29929,1103,Confirmed
11396,1078,Confirmed
40501,1935,Confirmed
70725,1407,Confirmed
14023,1826,Not confirmed
23273,1394,Confirmed
70755,1355,Not confirmed
84719,1387,Confirmed
87290,1121,Not confirmed
29519,1236,Not confirmed
15528,1897,Confirmed
10342,1745,Confirmed
58991,1109,Confirmed
70334,1080,Not confirmed
89019,1394,Confirmed
11804,1347,Not confirmed
32814,1810,Confirmed
43829,1437,Confirmed
4644,1400,Confirmed
27012,1038,Confirmed
13432,1427,Confirmed
25605,1920,Confirmed
20660,1696,Confirmed
74505,1217,Not confirmed
45297,1127,Not confirmed
65118,1920,Not confirmed
76784,1835,Not confirmed
14832,1355,Confirmed
62297,1953,Not confirmed
75027,1811,Confirmed
47059,1802,Not confirmed
69721,1757,Not confirmed
30626,1624,Not confirmed
49819,1015,Confirmed
20660,1383,Confirmed
55625,1669,Confirmed
40605,1980,Confirmed
68778,1649,Not confirmed
93990,1445,Not confirmed
13200,1620,Not confirmed
11240,1847,Confirmed
32059,1490,Confirmed
42935,1706,Not confirmed
88447,1322,Confirmed
22204,1941,Confirmed
4211,1754,Not confirmed
76766,1010,Confirmed
36492,1605,Confirmed
2095,1873,Confirmed
81446,1268,Confirmed
86908,1345,Not confirmed
39089,1111,Confirmed
26917,1284,Confirmed
87537,1094,Not confirmed
34122,1348,Confirmed
88372,1451,Confirmed
21922,1091,Confirmed
11887,1280,Confirmed
24066,1340,Not confirmed
84005,1647,Not confirmed
6956,1459,Not confirmed
56449,1810,Confirmed
80540,1486,Confirmed
37350,1236,Not confirmed
62923,1049,Confirmed
95111,1611,Confirmed
59423,1947,Not confirmed
8416,1665,Not confirmed
24986,1655,Not confirmed
28257,1243,Confirmed
90664,1127,Confirmed
24066,1987,Confirmed
60836,1377,Confirmed
71947,1310,Confirmed
44875,1609,Confirmed
84005,1007,Confirmed
98758,1646,Confirmed
34366,1699,Not confirmed
2305,1715,Confirmed
8924,1838,Confirmed
53277,1047,Not confirmed
16364,1484,Confirmed
23879,1134,Confirmed
8303,1023,Not confirmed
756,1555,Confirmed
75601,1844,Confirmed
55530,1550,Confirmed
21999,1492,Not confirmed
98242,1605,Confirmed
10949,1946,Not confirmed
20805,1574,Not confirmed
5039,1957,Confirmed
21996,1075,Confirmed
44329,1956,Confirmed
30255,1424,Not confirmed
16564,1174,Not confirmed
28367,1953,Not confirmed
54687,1709,Not confirmed
65946,1570,Confirmed
30346,1160,Not confirmed
22297,1770,Confirmed
36105,1399,Confirmed
40847,1208,Not confirmed
81613,1998,Not confirmed
24704,1336,Confirmed
36612,1354,Not confirmed
59221,1517,Confirmed
96913,1030,Not confirmed
92823,1817,Not confirmed
29562,1995,Not confirmed
30255,1406,Confirmed
14564,1605,Not confirmed
76051,1105,Not confirmed
67999,1485,Confirmed
30462,1120,Confirmed
6183,1705,Not confirmed
16564,1625,Not confirmed
81255,1881,Not confirmed
90963,1948,Confirmed
53041,1326,Confirmed
76013,1853,Confirmed
74113,1048,Confirmed
93532,1048,Confirmed
93664,1103,Confirmed
20544,1428,Confirmed
20544,1207,Confirmed
32697,1959,Confirmed
19999,1976,Confirmed
99075,1233,Confirmed
51320,1976,Not confirmed
33365,1637,Confirmed
90693,1812,Confirmed
67999,1668,Not confirmed
83874,1210,Confirmed
66974,1374,Confirmed
76658,1018,Confirmed
30097,1517,Not confirmed
88447,1399,Confirmed
97798,1864,Confirmed
92881,1606,Not confirmed
13454,1468,Not confirmed
18277,1026,Confirmed
39999,1448,Confirmed
21654,1850,Confirmed
19644,1787,Not confirmed
81054,1346,Not confirmed
44720,1861,Confirmed
67860,1443,Confirmed
75043,1905,Confirmed
1741,1665,Confirmed
94220,1183,Not confirmed
59684,1674,Not confirmed
29630,1512,Confirmed
98107,1764,Not confirmed
74217,1421,Confirmed
96292,1065,Confirmed
24771,1187,Confirmed
81559,1474,Confirmed
33059,1205,Not confirmed
28585,1757,Confirmed
17671,1432,Confirmed
4252,1188,Not confirmed
59713,1615,Confirmed
81054,1446,Confirmed
9139,1412,Not confirmed
47059,1695,Not confirmed
10018,1613,Confirmed
35142,1258,Confirmed
65946,1113,Confirmed
21280,1571,Confirmed
82379,1283,Not confirmed
90222,1263,Confirmed
57774,1777,Not confirmed
24704,1414,Confirmed
11009,1860,Confirmed
22698,1299,Not confirmed
86905,1073,Confirmed
20105,1822,Confirmed
93155,1110,Not confirmed
55075,1882,Confirmed
13766,1762,Not confirmed
49549,1415,Confirmed
99264,1643,Confirmed
55950,1348,Not confirmed
16564,1924,Not confirmed
44875,1473,Not confirmed
63773,1830,Not confirmed
92823,1500,Not confirmed
88120,1539,Not confirmed
30726,1297,Confirmed
86236,1678,Not confirmed
9565,1844,Confirmed
20041,1058,Not confirmed
80668,1502,Not confirmed
53540,1646,Confirmed
28367,1313,Confirmed
94767,1140,Not confirmed
6818,1460,Not confirmed
71640,1479,Not confirmed
22204,1935,Confirmed
19519,1110,Not confirmed
20267,1176,Not confirmed
46633,1310,Confirmed
75027,1282,Confirmed
84509,1640,Not confirmed
22204,1474,Not confirmed
51320,1819,Confirmed
95448,1595,Confirmed
76113,1497,Confirmed
5444,1204,Not confirmed
8928,1029,Confirmed
75775,1374,Confirmed
22255,1834,Not confirmed
73100,1728,Not confirmed
87568,1968,Not confirmed
83874,1048,Not confirmed
85082,1958,Confirmed
35314,1685,Confirmed
52898,1834,Confirmed
59941,1011,Confirmed
45211,1514,Not confirmed
97143,1033,Confirmed
90394,1197,Confirmed
95146,1922,Confirmed
55461,1187,Confirmed
7043,1309,Not confirmed
76013,1856,Confirmed
17079,1904,Confirmed
35779,1740,Not confirmed
5824,1733,Not confirmed
41342,1564,Not confirmed
58557,1833,Not confirmed
37911,1673,Not confirmed
82828,1780,Not confirmed
23264,1140,Not confirmed
40954,1369,Confirmed
80777,1758,Confirmed
75043,1359,Not confirmed
98135,1484,Confirmed
40201,1547,Confirmed
30346,1882,Confirmed
88372,1548,Confirmed
65607,1898,Not confirmed
77275,1085,Not confirmed
94883,1304,Not confirmed
42576,1873,Not confirmed
43940,1331,Not confirmed
93825,1006,Not confirmed
14690,1550,Not confirmed
83527,1695,Confirmed
97696,1964,Not confirmed
82051,1653,Confirmed
30554,1300,Confirmed
2614,1411,Not confirmed
31509,1032,Confirmed
76386,1405,Not confirmed
11804,1911,Not confirmed
36612,1501,Confirmed
17272,1008,Confirmed
94097,1102,Not confirmed
17079,1646,Not confirmed
7783,1697,Confirmed
20916,1659,Not confirmed
73073,1276,Confirmed
98758,1381,Not confirmed
93825,1774,Confirmed
98180,1993,Confirmed
72618,1943,Confirmed
51012,1186,Confirmed
66974,1461,Confirmed
13432,1254,Not confirmed
45278,1802,Confirmed
7561,1346,Not confirmed
73459,1268,Not confirmed
66129,1326,Confirmed
40775,1636,Confirmed
46809,1818,Not confirmed
90664,1819,Confirmed
81446,1063,Confirmed
73100,1308,Not confirmed
20105,1925,Confirmed
99892,1701,Confirmed
94700,1330,Not confirmed
41656,1358,Not confirmed
70725,1280,Confirmed
91679,1350,Not confirmed
11009,1399,Confirmed
11887,1818,Not confirmed
45973,1991,Not confirmed
98135,1845,Confirmed
40847,1126,Confirmed
60544,1004,Confirmed
56568,1016,Confirmed
89074,1827,Confirmed
38358,1351,Confirmed
57774,1699,Not confirmed
16913,1918,Confirmed
3559,1915,Not confirmed
74625,1190,Not confirmed
99075,1100,Not confirmed
40372,1624,Not confirmed
79731,1312,Not confirmed
31301,1896,Confirmed
16751,1693,Confirmed
39872,1047,Not confirmed
59941,1426,Not confirmed
86392,1526,Not confirmed
97798,1813,Not confirmed
24704,1116,Not confirmed
76658,1494,Confirmed
29381,1436,Confirmed
51554,1703,Confirmed
20544,1641,Confirmed
95650,1450,Confirmed
93402,1283,Not confirmed
36942,1593,Not confirmed
13595,1871,Not confirmed
72618,1247,Confirmed
73100,1311,Confirmed
34273,1346,Not confirmed
25077,1879,Confirmed
13200,1239,Not confirmed
40201,1512,Confirmed
67405,1126,Confirmed
26896,1904,Not confirmed
49303,1616,Confirmed
79271,1735,Confirmed
40605,1913,Confirmed
65946,1253,Confirmed
88198,1622,Not confirmed
57973,1272,Confirmed
76013,1954,Not confirmed
36055,1949,Confirmed
87173,1613,Not confirmed
32059,1467,Not confirmed
20887,1432,Confirmed
41278,1710,Not confirmed
69359,1033,Not confirmed
20538,1892,Not confirmed
44094,1350,Not confirmed
59941,1467,Confirmed
34940,1691,Confirmed
93532,1809,Not confirmed
33365,1988,Confirmed
34366,1310,Not confirmed
73922,1735,Not confirmed
65118,1546,Confirmed
40100,1553,Confirmed
80105,1266,Not confirmed
36987,1704,Confirmed
13825,1178,Confirmed
88396,1233,Not confirmed
927,1685,Confirmed
95833,1902,Not confirmed
84142,1492,Not confirmed
45278,1718,Not confirmed
28367,1482,Confirmed
24031,1580,Not confirmed
12341,1308,Not confirmed
13617,1414,Confirmed
91870,1817,Confirmed
78261,1344,Confirmed
66974,1333,Not confirmed
86318,1562,Not confirmed
3858,1010,Confirmed
14690,1852,Not confirmed
58446,1862,Not confirmed
55797,1788,Confirmed
48576,1569,Not confirmed
8924,1585,Confirmed
53555,1378,Not confirmed
92634,1762,Confirmed
86908,1045,Confirmed
11993,1991,Not confirmed
77132,1166,Confirmed
18814,1523,Confirmed
67999,1211,Confirmed
5963,1606,Not confirmed
76784,1120,Confirmed
22698,1830,Confirmed
73392,1680,Confirmed
22204,1872,Confirmed
40501,1000,Confirmed
51731,1417,Not confirmed
79920,1050,Confirmed
52420,1732,Not confirmed
10342,1299,Not confirmed
10717,1426,Confirmed
22698,1788,Confirmed
81549,1151,Confirmed
44875,1092,Confirmed
14584,1281,Confirmed
88396,1132,Confirmed
26790,1195,Not confirmed
19718,1106,Not confirmed
97798,1567,Confirmed
60138,1809,Confirmed
42576,1751,Confirmed
98623,1168,Confirmed
4252,1649,Not confirmed
7561,1650,Confirmed
13421,1624,Confirmed
97910,1137,Not confirmed
1865,1518,Confirmed
27226,1289,Confirmed
73459,1807,Not confirmed
13201,1441,Confirmed
90222,1143,Confirmed
46144,1489,Confirmed
42403,1945,Confirmed
88396,1407,Not confirmed
81425,1825,Confirmed
71151,1299,Not confirmed
41474,1090,Not confirmed
2214,1237,Not confirmed
99397,1569,Confirmed
88774,1099,Confirmed
49538,1956,Not confirmed
20267,1520,Not confirmed
16364,1347,Confirmed
26835,1182,Confirmed
20105,1472,Confirmed
47821,1262,Confirmed
65887,1994,Not confirmed
72476,1142,Confirmed
36684,1281,Confirmed
3794,1355,Not confirmed
85193,1375,Not confirmed
36502,1798,Confirmed
10949,1515,Confirmed
55144,1096,Not confirmed
73783,1528,Not confirmed
60977,1419,Confirmed
40372,1791,Confirmed
62881,1569,Not confirmed
16609,1053,Not confirmed
14023,1003,Not confirmed
74770,1225,Not confirmed
98180,1983,Confirmed
79568,1467,Not confirmed
81622,1392,Confirmed
72476,1098,Confirmed
21976,1117,Not confirmed
32471,1276,Confirmed
12873,1025,Not confirmed
74217,1414,Confirmed
45278,1809,Confirmed
69725,1521,Confirmed
13819,1673,Not confirmed
40775,1804,Not confirmed
70733,1795,Confirmed
47807,1582,Confirmed
51773,1263,Confirmed
33059,1445,Not confirmed
25927,1452,Confirmed
49819,1273,Confirmed
95448,1581,Not confirmed
40743,1943,Not confirmed
74267,1459,Confirmed
54917,1454,Not confirmed
13766,1431,Confirmed
37470,1029,Confirmed
89019,1745,Confirmed
49973,1209,Confirmed
43940,1187,Not confirmed
80105,1264,Not confirmed
25605,1866,Confirmed
56754,1240,Confirmed
23470,1722,Confirmed
16131,1983,Confirmed
26216,1288,Not confirmed
81907,1298,Not confirmed
71098,1689,Confirmed
77931,1376,Confirmed
75610,1236,Confirmed
893,1419,Confirmed
93868,1390,Confirmed
63791,1093,Not confirmed
69721,1282,Confirmed
44875,1913,Confirmed
20213,1383,Confirmed
53733,1726,Not confirmed
50007,1279,Confirmed
30182,1673,Not confirmed
15267,1509,Not confirmed
58652,1226,Confirmed
29381,1114,Not confirmed
14584,1311,Not confirmed
92553,1945,Not confirmed
86623,1561,Not confirmed
93460,1076,Not confirmed
7568,1771,Confirmed
41474,1944,Not confirmed
48441,1452,Not confirmed
39089,1930,Confirmed
33860,1322,Not confirmed
22650,1098,Confirmed
87568,1308,Confirmed
62172,1027,Not confirmed
90777,1470,Not confirmed
43940,1778,Confirmed
3902,1422,Not confirmed
17510,1168,Not confirmed
54950,1531,Confirmed
24704,1086,Confirmed
41656,1551,Confirmed
9697,1803,Confirmed
52420,1645,Not confirmed
76823,1772,Confirmed
77132,1399,Confirmed
6083,1066,Confirmed
20544,1062,Not confirmed
56405,1301,Confirmed
47807,1680,Confirmed
75000,1402,Confirmed
21996,1966,Confirmed
30726,1334,Confirmed
24771,1596,Confirmed
95969,1847,Not confirmed
49819,1709,Not confirmed
60544,1147,Confirmed
18509,1373,Confirmed
84005,1697,Confirmed
47601,1991,Confirmed
56435,1798,Not confirmed
41656,1307,Not confirmed
84010,1530,Not confirmed
32712,1854,Not confirmed
95901,1849,Confirmed
2877,1667,Not confirmed
56298,1279,Confirmed
81255,1490,Not confirmed
60895,1989,Not confirmed
12051,1669,Not confirmed
34341,1548,Not confirmed
40479,1767,Not confirmed
62172,1583,Confirmed
84570,1174,Confirmed
78351,1281,Not confirmed
57050,1347,Confirmed
5824,1982,Confirmed
29929,1027,Not confirmed
57668,1082,Confirmed
93460,1847,Confirmed
24771,1101,Confirmed
49853,1883,Not confirmed
91636,1602,Not confirmed
10342,1292,Not confirmed
98655,1050,Not confirmed
81979,1852,Confirmed
86202,1862,Not confirmed
22629,1330,Not confirmed
87173,1930,Not confirmed
80142,1896,Confirmed
66028,1851,Confirmed
28585,1842,Confirmed
69553,1091,Not confirmed
28668,1606,Confirmed
91666,1604,Not confirmed
75027,1955,Confirmed
35172,1338,Confirmed
13197,1669,Not confirmed
27150,1506,Not confirmed
76051,1474,Not confirmed
16609,1706,Not confirmed
26216,1773,Confirmed
89924,1043,Confirmed
80378,1482,Not confirmed
35506,1253,Not confirmed
83766,1335,Confirmed
62730,1526,Not confirmed
76784,1190,Confirmed
98135,1589,Confirmed
45278,1648,Not confirmed
76965,1121,Confirmed
42373,1492,Confirmed
98958,1157,Confirmed
72550,1764,Not confirmed
3039,1802,Not confirmed
90963,1138,Not confirmed
18517,1911,Confirmed
29410,1371,Not confirmed
93627,1897,Confirmed
8295,1508,Confirmed
13421,1633,Not confirmed
55356,1973,Not confirmed
63791,1555,Confirmed
91193,1755,Confirmed
21953,1714,Confirmed
95969,1114,Confirmed
35137,1115,Not confirmed
98107,1271,Not confirmed
29163,1664,Not confirmed
84142,1901,Confirmed
20267,1795,Confirmed
39599,1568,Confirmed
56449,1746,Confirmed
21641,1308,Confirmed
14832,1491,Not confirmed
12143,1925,Confirmed
19519,1647,Confirmed
83515,1692,Not confirmed
94787,1352,Confirmed
18583,1861,Confirmed
55075,1074,Confirmed
98242,1500,Confirmed
1920,1502,Not confirmed
6818,1349,Not confirmed
94700,1357,Not confirmed
19999,1609,Confirmed
64271,1851,Confirmed
70377,1153,Not confirmed
36502,1875,Confirmed
8731,1953,Confirmed
76965,1481,Not confirmed
70725,1658,Confirmed
28257,1775,Confirmed
20041,1213,Confirmed
23358,1485,Not confirmed
24368,1243,Confirmed
93990,1985,Confirmed
94553,1639,Confirmed
98790,1879,Confirmed
44771,1524,Not confirmed
4232,1343,Confirmed
53642,1617,Not confirmed
44707,1871,Confirmed
50120,1906,Confirmed
60977,1481,Confirmed
16052,1231,Confirmed
45973,1329,Confirmed
75043,1818,Confirmed
4865,1844,Not confirmed
12665,1263,Not confirmed
93922,1777,Confirmed
33751,1816,Confirmed
40468,1923,Confirmed
38998,1050,Not confirmed
99578,1673,Confirmed
92634,1566,Confirmed
88396,1074,Confirmed
36351,1919,Confirmed
55356,1746,Confirmed
31321,1320,Confirmed
54516,1039,Not confirmed
43829,1006,Not confirmed
80777,1373,Not confirmed
37902,1246,Confirmed
83777,1820,Confirmed
62474,1941,Not confirmed
34103,1676,Confirmed
3039,1965,Confirmed
34629,1717,Confirmed
92429,1406,Not confirmed
19718,1606,Not confirmed
93868,1005,Not confirmed
95448,1580,Confirmed
65748,1779,Not confirmed
51600,1448,Confirmed
91704,1898,Confirmed
5352,1748,Confirmed
85905,1413,Not confirmed
22650,1075,Confirmed
28668,1993,Confirmed
18815,1113,Not confirmed
12665,1299,Confirmed
36055,1654,Not confirmed
55625,1118,Confirmed
21996,1300,Not confirmed
88634,1906,Not confirmed
93825,1691,Not confirmed
73188,1785,Confirmed
84010,1286,Not confirmed
53077,1554,Not confirmed
68657,1212,Not confirmed
27956,1379,Confirmed
42935,1133,Not confirmed
75043,1712,Not confirmed
13197,1381,Not confirmed
44771,1990,Not confirmed
80341,1949,Confirmed
