Youtuber_id,Country
0,Canada
1,Australia
2,Portugal
3,Australia
4,Egypt
5,Spain
6,Germany
7,England
8,USA
9,India
10,Canada
11,India
12,Russia
13,Pakistan
14,Germany
15,India
16,Portugal
17,France
18,Germany
19,Germany
20,USA
21,China
22,Australia
23,Egypt
24,USA
25,Brazil
26,India
27,Egypt
28,Brazil
29,Australia
30,South Africa
31,Egypt
32,England
33,Portugal
34,Pakistan
35,England
36,Germany
37,England
38,India
39,Egypt
40,Pakistan
41,Egypt
42,England
43,Brazil
44,Portugal
45,Brazil
46,USA
47,France
48,Brazil
49,Canada
50,Spain
51,France
52,Australia
53,Russia
54,USA
55,England
56,China
57,China
58,Portugal
59,India
60,Germany
61,Portugal
62,Portugal
63,USA
64,Brazil
65,Australia
66,Brazil
67,Canada
68,China
69,Australia
70,Portugal
71,Spain
72,France
73,Egypt
74,India
75,England
76,Brazil
77,Portugal
78,Germany
79,Russia
80,Brazil
81,USA
82,Spain
83,Spain
84,Pakistan
85,Egypt
86,Germany
87,France
88,Russia
89,France
90,Egypt
91,Pakistan
92,India
93,China
94,USA
95,Egypt
96,Canada
97,Spain
98,Canada
99,India
100,Pakistan
101,South Africa
102,Portugal
103,Germany
104,China
105,England
106,Brazil
107,Brazil
108,USA
109,Spain
110,France
111,Brazil
112,Pakistan
113,USA
114,Egypt
115,England
116,South Africa
117,Russia
118,Portugal
119,Canada
120,France
121,Pakistan
122,Germany
123,Pakistan
124,Portugal
125,USA
126,India
127,South Africa
128,USA
129,France
130,Brazil
131,Egypt
132,England
133,France
134,Canada
135,Brazil
136,Pakistan
137,Brazil
138,Russia
139,France
140,Pakistan
141,Spain
142,USA
143,Spain
144,Germany
145,England
146,USA
147,Brazil
148,Brazil
149,Pakistan
150,South Africa
151,USA
152,Pakistan
153,Canada
154,England
155,Australia
156,Egypt
157,England
158,Portugal
159,Portugal
160,England
161,Germany
162,England
163,India
164,USA
165,England
166,India
167,Brazil
168,Russia
169,China
170,China
171,China
172,India
173,Brazil
174,England
175,Russia
176,Brazil
177,England
178,Portugal
179,Australia
180,USA
181,Pakistan
182,Egypt
183,Egypt
184,South Africa
185,Germany
186,Germany
187,Brazil
188,Portugal
189,France
190,India
191,USA
192,USA
193,Australia
194,Russia
195,South Africa
196,Egypt
197,Russia
198,Pakistan
199,Egypt
200,Spain
201,France
202,Australia
203,China
204,Portugal
205,England
206,Canada
207,Germany
208,Germany
209,India
210,USA
211,Portugal
212,Russia
213,Australia
214,France
215,India
216,South Africa
217,Russia
218,Australia
219,USA
220,Portugal
221,Germany
222,USA
223,Brazil
224,USA
225,Portugal
226,China
227,Russia
228,Egypt
229,Pakistan
230,England
231,Canada
232,Canada
233,Egypt
234,India
235,USA
236,France
237,Australia
238,Portugal
239,Pakistan
240,India
241,China
242,China
243,Australia
244,Brazil
245,Russia
246,USA
247,India
248,Australia
249,Egypt
250,Australia
251,India
252,China
253,India
254,South Africa
255,France
256,China
257,Portugal
258,India
259,Brazil
260,Russia
261,Egypt
262,Russia
263,England
264,Canada
265,Pakistan
266,USA
267,England
268,Australia
269,France
270,Spain
271,England
272,Pakistan
273,England
274,England
275,Pakistan
276,Brazil
277,France
278,Spain
279,Germany
280,England
281,Pakistan
282,USA
283,Russia
284,USA
285,South Africa
286,Germany
287,Russia
288,Pakistan
289,Portugal
290,England
291,Egypt
292,Germany
293,South Africa
294,Spain
295,Portugal
296,Canada
297,Australia
298,Canada
299,Brazil
300,China
301,Portugal
302,China
303,South Africa
304,England
305,Germany
306,Spain
307,Pakistan
308,South Africa
309,India
310,Egypt
311,Spain
312,Portugal
313,France
314,Brazil
315,South Africa
316,Portugal
317,Spain
318,France
319,France
320,USA
321,South Africa
322,Portugal
323,Canada
324,Portugal
325,Russia
326,Spain
327,Australia
328,Pakistan
329,Australia
330,Brazil
331,Pakistan
332,Brazil
333,Australia
334,USA
335,Egypt
336,Canada
337,South Africa
338,Russia
339,Australia
340,Canada
341,Pakistan
342,China
343,USA
344,Germany
345,China
346,South Africa
347,Australia
348,Spain
349,Brazil
350,Canada
351,Egypt
352,Spain
353,India
354,Brazil
355,France
356,Australia
357,Spain
358,France
359,France
360,China
361,Pakistan
362,India
363,Pakistan
364,England
365,South Africa
366,Egypt
367,Portugal
368,USA
369,Spain
370,Canada
371,Germany
372,China
373,England
374,USA
375,England
376,Russia
377,Germany
378,Egypt
379,Pakistan
380,Brazil
381,France
382,Germany
383,Egypt
384,Portugal
385,England
386,USA
387,South Africa
388,Canada
389,Canada
390,England
391,France
392,Brazil
393,Spain
394,Spain
395,Spain
396,Germany
397,England
398,India
399,Brazil
400,China
401,Canada
402,Canada
403,Brazil
404,Brazil
405,Germany
406,Canada
407,France
408,Egypt
409,Australia
410,Canada
411,Russia
412,Australia
413,Spain
414,Russia
415,South Africa
416,Portugal
417,Canada
418,Brazil
419,England
420,China
421,South Africa
422,China
423,Portugal
424,Pakistan
425,India
426,Germany
427,France
428,USA
429,England
430,USA
431,Portugal
432,Brazil
433,Russia
434,Australia
435,England
436,Pakistan
437,Canada
438,Russia
439,Germany
440,Australia
441,Spain
442,France
443,Spain
444,India
445,USA
446,Germany
447,China
448,Spain
449,Russia
450,France
451,South Africa
452,Canada
453,Spain
454,Brazil
455,England
456,China
457,India
458,Spain
459,South Africa
460,India
461,Egypt
462,South Africa
463,Canada
464,Australia
465,India
466,Brazil
467,Canada
468,France
469,France
470,Spain
471,Pakistan
472,South Africa
473,South Africa
474,China
475,England
476,France
477,Pakistan
478,USA
479,Germany
480,India
481,Australia
482,England
483,Russia
484,India
485,Pakistan
486,Brazil
487,Australia
488,Germany
489,Germany
490,Egypt
491,Russia
492,Russia
493,Pakistan
494,Egypt
495,India
496,Pakistan
497,South Africa
498,France
499,South Africa
500,China
501,Russia
502,Canada
503,South Africa
504,Portugal
505,Portugal
506,Russia
507,Australia
508,South Africa
509,England
510,Russia
511,Germany
512,Russia
513,Egypt
514,Canada
515,Spain
516,England
517,Egypt
518,Egypt
519,Portugal
520,Spain
521,Australia
522,Canada
523,South Africa
524,Portugal
525,China
526,Portugal
527,Egypt
528,Egypt
529,China
530,South Africa
531,Australia
532,France
533,Canada
534,Brazil
535,Portugal
536,Portugal
537,Pakistan
538,Brazil
539,France
540,Germany
541,Portugal
542,South Africa
543,Canada
544,Russia
545,China
546,China
547,South Africa
548,England
549,Pakistan
550,USA
551,Spain
552,Spain
553,Australia
554,Russia
555,USA
556,Germany
557,Brazil
558,France
559,Brazil
560,India
561,Australia
562,Pakistan
563,China
564,Canada
565,USA
566,USA
567,India
568,Russia
569,Spain
570,Canada
571,USA
572,USA
573,South Africa
574,Pakistan
575,South Africa
576,France
577,China
578,Egypt
579,Egypt
580,Australia
581,Russia
582,Germany
583,Brazil
584,Canada
585,South Africa
586,Portugal
587,France
588,Portugal
589,China
590,England
591,Portugal
592,Australia
593,Brazil
594,Australia
595,Pakistan
596,Pakistan
597,Portugal
598,South Africa
599,Russia
600,France
601,Portugal
602,Canada
603,Russia
604,Russia
605,China
606,Spain
607,South Africa
608,Australia
609,Germany
610,South Africa
611,Australia
612,Brazil
613,Russia
614,Pakistan
615,Canada
616,South Africa
617,Egypt
618,USA
619,Portugal
620,Australia
621,Australia
622,India
623,South Africa
624,Canada
625,Portugal
626,Brazil
627,China
628,Russia
629,China
630,Spain
631,Canada
632,Pakistan
633,France
634,Australia
635,Egypt
636,China
637,Germany
638,Australia
639,India
640,USA
641,Canada
642,Portugal
643,China
644,Russia
645,Brazil
646,Canada
647,India
648,France
649,Spain
650,USA
651,Australia
652,Spain
653,Australia
654,South Africa
655,Canada
656,Portugal
657,England
658,China
659,Egypt
660,Pakistan
661,Pakistan
662,Spain
663,France
664,China
665,Russia
666,USA
667,France
668,England
669,France
670,Russia
671,China
672,Brazil
673,India
674,Canada
675,South Africa
676,Portugal
677,Spain
678,Canada
679,Russia
680,Spain
681,USA
682,South Africa
683,India
684,USA
685,Australia
686,Spain
687,Spain
688,Australia
689,Australia
690,India
691,Australia
692,Brazil
693,South Africa
694,Russia
695,Brazil
696,India
697,Brazil
698,China
699,Spain
700,England
701,USA
702,Spain
703,Brazil
704,Germany
705,Canada
706,China
707,India
708,USA
709,Australia
710,Pakistan
711,Australia
712,Spain
713,Spain
714,Germany
715,France
716,France
717,Pakistan
718,USA
719,Egypt
720,Australia
721,China
722,Spain
723,Portugal
724,China
725,Egypt
726,Brazil
727,China
728,Portugal
729,England
730,Spain
731,Brazil
732,Pakistan
733,India
734,Portugal
735,Brazil
736,Canada
737,Canada
738,England
739,Canada
740,Russia
741,England
742,Egypt
743,Pakistan
744,Brazil
745,Portugal
746,South Africa
747,England
748,Brazil
749,China
750,England
751,Russia
752,Germany
753,Portugal
754,USA
755,Germany
756,England
757,China
758,Portugal
759,Russia
760,Russia
761,France
762,Germany
763,France
764,India
765,France
766,Germany
767,India
768,Spain
769,Russia
770,Spain
771,Brazil
772,Pakistan
773,South Africa
774,India
775,Brazil
776,South Africa
777,Australia
778,India
779,USA
780,England
781,Pakistan
782,Spain
783,USA
784,Canada
785,USA
786,Russia
787,Australia
788,Australia
789,Australia
790,Germany
791,Spain
792,Germany
793,India
794,India
795,China
796,Brazil
797,France
798,Germany
799,Portugal
800,Brazil
801,Pakistan
802,Germany
803,China
804,Pakistan
805,Spain
806,Egypt
807,Spain
808,USA
809,Russia
810,Germany
811,Australia
812,Canada
813,Pakistan
814,Pakistan
815,South Africa
816,China
817,Egypt
818,South Africa
819,India
820,Germany
821,Brazil
822,Spain
823,Australia
824,France
825,Russia
826,Pakistan
827,France
828,India
829,Brazil
830,Brazil
831,Australia
832,Germany
833,Russia
834,Spain
835,Russia
836,Pakistan
837,Germany
838,Egypt
839,Spain
840,USA
841,England
842,China
843,Spain
844,England
845,India
846,Spain
847,Egypt
848,Russia
849,Germany
850,China
851,Russia
852,Australia
853,USA
854,Egypt
855,Pakistan
856,Canada
857,Brazil
858,Brazil
859,South Africa
860,Brazil
861,Brazil
862,France
863,France
864,Australia
865,China
866,USA
867,Australia
868,England
869,Portugal
870,South Africa
871,Pakistan
872,Portugal
873,USA
874,England
875,USA
876,Egypt
877,South Africa
878,Canada
879,India
880,Canada
881,England
882,USA
883,England
884,China
885,India
886,Portugal
887,Canada
888,USA
889,France
890,England
891,USA
892,South Africa
893,Spain
894,China
895,Australia
896,Russia
897,Russia
898,Australia
899,Portugal
900,Pakistan
901,France
902,Pakistan
903,USA
904,India
905,Brazil
906,Brazil
907,Egypt
908,Canada
909,Australia
910,Russia
911,Russia
912,China
913,Brazil
914,Portugal
915,Canada
916,Egypt
917,Egypt
918,India
919,India
920,Germany
921,Germany
922,Russia
923,Pakistan
924,USA
925,England
926,Germany
927,China
928,India
929,India
930,Portugal
931,Egypt
932,France
933,Brazil
934,Russia
935,England
936,Egypt
937,Pakistan
938,South Africa
939,Russia
940,Canada
941,France
942,Egypt
943,Brazil
944,Brazil
945,England
946,Portugal
947,Germany
948,Portugal
949,Australia
950,Germany
951,South Africa
952,USA
953,Germany
954,Russia
955,Spain
956,India
957,Egypt
958,Brazil
959,Spain
960,Egypt
961,Pakistan
962,Australia
963,England
964,Pakistan
965,India
966,Brazil
967,South Africa
968,Portugal
969,Portugal
970,England
971,Egypt
972,USA
973,Pakistan
974,India
975,India
976,India
977,Spain
978,Egypt
979,Canada
980,Portugal
981,Australia
982,Russia
983,Portugal
984,India
985,China
986,Egypt
987,Egypt
988,England
989,Spain
990,Brazil
991,Spain
992,England
993,China
994,China
995,Portugal
996,China
997,Germany
998,Brazil
999,Australia
1000,England
1001,South Africa
1002,Spain
1003,Canada
1004,Brazil
1005,Canada
1006,USA
1007,Germany
1008,Spain
1009,Egypt
1010,Egypt
1011,South Africa
1012,Pakistan
1013,India
1014,Germany
1015,India
1016,USA
1017,South Africa
1018,India
1019,India
1020,Germany
1021,Russia
1022,Egypt
1023,Egypt
1024,Pakistan
1025,South Africa
1026,Spain
1027,Portugal
1028,Spain
1029,Spain
1030,South Africa
1031,Canada
1032,India
1033,USA
1034,Brazil
1035,India
1036,Germany
1037,India
1038,England
1039,China
1040,Pakistan
1041,Germany
1042,France
1043,South Africa
1044,France
1045,South Africa
1046,Portugal
1047,USA
1048,China
1049,Australia
1050,Germany
1051,China
1052,France
1053,England
1054,USA
1055,China
1056,Portugal
1057,Pakistan
1058,Canada
1059,USA
1060,India
1061,Egypt
1062,England
1063,Brazil
1064,China
1065,England
1066,Portugal
1067,Egypt
1068,Pakistan
1069,Spain
1070,Canada
1071,Australia
1072,Pakistan
1073,France
1074,Spain
1075,Pakistan
1076,India
1077,Germany
1078,England
1079,China
1080,China
1081,Brazil
1082,India
1083,Pakistan
1084,Russia
1085,Portugal
1086,France
1087,Germany
1088,Canada
1089,USA
1090,Brazil
1091,South Africa
1092,Pakistan
1093,England
1094,Egypt
1095,Portugal
1096,Russia
1097,Egypt
1098,USA
1099,Egypt
1100,Egypt
1101,India
1102,Germany
1103,South Africa
1104,South Africa
1105,India
1106,Egypt
1107,Russia
1108,Australia
1109,Russia
1110,Spain
1111,USA
1112,South Africa
1113,Australia
1114,Portugal
1115,Spain
1116,Brazil
1117,South Africa
1118,Pakistan
1119,Russia
1120,Spain
1121,Brazil
1122,Canada
1123,USA
1124,South Africa
1125,Russia
1126,Egypt
1127,Egypt
1128,Pakistan
1129,Brazil
1130,Canada
1131,Pakistan
1132,Egypt
1133,India
1134,China
1135,China
1136,China
1137,USA
1138,Spain
1139,Egypt
1140,England
1141,Australia
1142,France
1143,Germany
1144,England
1145,Spain
1146,South Africa
1147,Russia
1148,USA
1149,Spain
1150,Spain
1151,Pakistan
1152,Egypt
1153,Pakistan
1154,Canada
1155,Russia
1156,USA
1157,Canada
1158,Portugal
1159,Portugal
1160,China
1161,Brazil
1162,England
1163,France
1164,France
1165,USA
1166,Egypt
1167,Australia
1168,Russia
1169,China
1170,Canada
1171,Pakistan
1172,South Africa
1173,Russia
1174,Egypt
1175,Russia
1176,Spain
1177,Pakistan
1178,South Africa
1179,India
1180,Portugal
1181,Russia
1182,Brazil
1183,England
1184,Australia
1185,Germany
1186,Russia
1187,Germany
1188,France
1189,Russia
1190,France
1191,Russia
1192,USA
1193,South Africa
1194,Russia
1195,Australia
1196,South Africa
1197,England
1198,Russia
1199,India
1200,Pakistan
1201,Portugal
1202,Australia
1203,India
1204,Germany
1205,Brazil
1206,Egypt
1207,Portugal
1208,Portugal
1209,Spain
1210,China
1211,Germany
1212,France
1213,Russia
1214,France
1215,Germany
1216,Portugal
1217,France
1218,Spain
1219,Spain
1220,England
1221,China
1222,Russia
1223,Brazil
1224,China
1225,Egypt
1226,USA
1227,Russia
1228,South Africa
1229,Russia
1230,Germany
1231,Russia
1232,Portugal
1233,Pakistan
1234,Portugal
1235,England
1236,South Africa
1237,Brazil
1238,Portugal
1239,Canada
1240,Australia
1241,Pakistan
1242,South Africa
1243,India
1244,Portugal
1245,South Africa
1246,South Africa
1247,Portugal
1248,Spain
1249,South Africa
1250,Portugal
1251,India
1252,China
1253,Canada
1254,England
1255,Australia
1256,China
1257,Canada
1258,India
1259,USA
1260,Brazil
1261,China
1262,Canada
1263,Russia
1264,Portugal
1265,Portugal
1266,Spain
1267,Portugal
1268,England
1269,England
1270,Russia
1271,Brazil
1272,Canada
1273,Australia
1274,Egypt
1275,France
1276,France
1277,Brazil
1278,Egypt
1279,Spain
1280,China
1281,Portugal
1282,Germany
1283,Pakistan
1284,Germany
1285,Brazil
1286,Spain
1287,Egypt
1288,France
1289,France
1290,Spain
1291,China
1292,South Africa
1293,Spain
1294,Canada
1295,Russia
1296,France
1297,Canada
1298,Egypt
1299,Russia
1300,USA
1301,France
1302,Egypt
1303,Portugal
1304,Egypt
1305,China
1306,China
1307,India
1308,China
1309,France
1310,Pakistan
1311,Portugal
1312,USA
1313,China
1314,Germany
1315,Brazil
1316,Germany
1317,Brazil
1318,England
1319,China
1320,Germany
1321,England
1322,USA
1323,Australia
1324,Pakistan
1325,USA
1326,Germany
1327,Russia
1328,USA
1329,Portugal
1330,England
1331,Portugal
1332,India
1333,France
1334,South Africa
1335,Spain
1336,South Africa
1337,South Africa
1338,Australia
1339,Portugal
1340,Spain
1341,Spain
1342,France
1343,Pakistan
1344,China
1345,Russia
1346,India
1347,Canada
1348,Portugal
1349,England
1350,USA
1351,USA
1352,France
1353,Canada
1354,Spain
1355,Russia
1356,China
1357,Brazil
1358,India
1359,USA
1360,Canada
1361,Russia
1362,Pakistan
1363,USA
1364,England
1365,Pakistan
1366,USA
1367,Canada
1368,China
1369,China
1370,India
1371,South Africa
1372,Pakistan
1373,Germany
1374,Australia
1375,Pakistan
1376,France
1377,Australia
1378,Russia
1379,Brazil
1380,South Africa
1381,USA
1382,Egypt
1383,Portugal
1384,Brazil
1385,Germany
1386,USA
1387,Germany
1388,Australia
1389,Egypt
1390,Russia
1391,Pakistan
1392,South Africa
1393,India
1394,USA
1395,Brazil
1396,Spain
1397,England
1398,China
1399,Russia
1400,India
1401,Russia
1402,Brazil
1403,Russia
1404,France
1405,India
1406,Pakistan
1407,Canada
1408,England
1409,Germany
1410,USA
1411,Spain
1412,South Africa
1413,China
1414,India
1415,South Africa
1416,England
1417,India
1418,USA
1419,South Africa
1420,China
1421,Portugal
1422,China
1423,Australia
1424,Germany
1425,Canada
1426,Canada
1427,Australia
1428,China
1429,South Africa
1430,England
1431,USA
1432,Spain
1433,Brazil
1434,Pakistan
1435,China
1436,Canada
1437,Russia
1438,USA
1439,Russia
1440,Pakistan
1441,Spain
1442,Portugal
1443,India
1444,Egypt
1445,China
1446,Australia
1447,Egypt
1448,Germany
1449,India
1450,South Africa
1451,Australia
1452,Brazil
1453,USA
1454,France
1455,Portugal
1456,Australia
1457,Australia
1458,China
1459,Spain
1460,Brazil
1461,Egypt
1462,Australia
1463,Canada
1464,England
1465,Australia
1466,Spain
1467,Spain
1468,Egypt
1469,Canada
1470,England
1471,Egypt
1472,Canada
1473,Brazil
1474,Canada
1475,Australia
1476,China
1477,France
1478,Canada
1479,Brazil
1480,USA
1481,India
1482,Germany
1483,Portugal
1484,Germany
1485,Spain
1486,India
1487,Germany
1488,Egypt
1489,Germany
1490,Brazil
1491,France
1492,USA
1493,Brazil
1494,Germany
1495,India
1496,Germany
1497,USA
1498,Pakistan
1499,India
