Publisher_id,name,city
GB53ACRU94868862826409,Dylan Bennett,Indiana
GB64DPRG78439096972128,Patricia Smith,Texas
GB33OZYJ45655893777705,Stephanie Carter,Texas
GB45QQDB94675370351063,Jennifer Davis,Washington
GB15OTBY22943797761407,Miss Denise Maddox,Washington
GB02AAHH97052183475101,Randall Castro,Louisiana
GB08KEMW93638930649316,Theodore Norton,Nevada
GB85BVUJ06486846404040,Mark Pacheco,Indiana
GB09UKMQ29372403349099,Christine Bowers,California
GB54ENZA52501213260944,Anne Wilson,Indiana
GB44QUMP91619278065970,Joann Graham,Washington
GB75DVKC79167022022162,Jordan Lopez,Indiana
GB57PHYR12249488920973,John Peterson,Louisiana
GB32KCMM22395135413597,Eric Harris,Louisiana
GB40CEJW17725030012627,Stephanie Kim,Washington
GB59VUUZ62571891945762,Diamond Cook,California
GB31PWDL75776402820821,Renee Coffey,Florida
GB75JTYE82007175054000,Aaron Morgan,Florida
GB18PTSR11953669707615,Caitlin Robinson,New York
GB36KZTD96196224902034,Samantha Ferguson,Texas
GB14RBET76365529603745,Adam Williams,California
GB61ZGHB03737504779973,David Smith,Virginia
GB79LRKC80128594525771,Carmen Walker,Louisiana
GB22IGDR92903489034912,Thomas Dixon,Washington
GB77EQZH59629072453288,Mr. James Miles,Washington
GB26SVTX91143980765390,Tracy Jenkins,Nevada
GB94QVUA93385585498728,Juan Burke,Nevada
GB86XBOJ50764215258633,Jorge Brooks,New York
GB27EOUR26943514812941,Patrick Booth,New York
GB65ZHYL94769369620162,Logan Cardenas,California
GB46INDR22874304443463,Benjamin Jimenez,Oklahoma
GB19LRDJ09334064861847,Joshua Tran,New York
GB88TBHI98522462243500,James Mccarthy,Louisiana
GB14AMCC48900842701332,Kelly Hall,Texas
GB95EYQU39642715254704,Tiffany Cline,Oklahoma
GB68OSHP27003394454523,Dr. Andrea Williams,Texas
GB92ORCX51099672600303,Kyle Sullivan,Louisiana
GB62MRHP47238820779888,Jeremy Thompson,Texas
GB08ETIE67648213764224,Lisa Peterson,Nevada
GB26VBXF69467785295272,Diana Lee,Florida
GB41WYPO50866979284068,Kevin Mann,Oklahoma
GB86JRQK33538193227606,Nicholas Miller,California
GB47FWNF34312802268006,Diane Phillips,Oklahoma
GB97DCKD65879904258643,Jesse Odom Jr.,Washington
GB66RNEV66666592530836,Molly Walter,Texas
GB92DFGQ93327126466537,Kevin Roberts,Virginia
GB26TFBF72464346218215,Harold Adkins,Nevada
GB63SDOU24019729195064,Denise Harris MD,New York
GB13AAJW33511526627111,Joshua Mcdaniel,Texas
GB40RSHC87789834174982,Christopher Robinson,Florida
GB21ACXM10898047396128,Vanessa Perez,Indiana
GB98SHBK31375800254278,Eric Booth,Louisiana
GB78VHTJ15515093503710,Andrew Sims,Washington
GB83DOYY90401288223557,James White,Nevada
GB26LZIB94138328180707,Dr. Edward Simmons,Washington
GB61XKUV94970471066849,Katelyn Garcia,Louisiana
GB22CHQW61799965948118,Scott Stewart,Virginia
GB70TAYE41057463433782,Amy Hudson MD,Nevada
GB94JMVE95191863196892,John Gomez,Louisiana
GB17SJHS45402886571407,Timothy Lamb,Texas
GB79LOLU39300282595317,Jason Smith,New York
GB40RWSR03896275455554,Cheryl Simmons,Oklahoma
GB65AAHK30256169723091,Katherine Casey,California
GB57RUDP68999914858190,Jordan Horton,Virginia
GB17FQSC27288909741633,Arthur Hicks,New York
GB54PDSL25238351025821,Jason Gilbert,Virginia
GB62WWNN47326101612896,Michael Paul,Virginia
GB53MYSM45798203364470,Brendan Hansen,Indiana
GB34CSTP55548911864765,Charles Davis,New York
GB07UICU42910257556269,Eric Morgan,Virginia
GB07UPYP82823762110899,Kristy Johnston,Virginia
GB82BTTC33385351507163,Ann Olson,Indiana
GB22NIPY66406602232798,Elizabeth Hamilton,Nevada
GB22TFSR42427813752274,Amanda Bradshaw,Oklahoma
GB68VSRX63555044936647,Samantha Singleton,Louisiana
GB52WMSD07719177322188,Cynthia Ford,Florida
GB62SXHN27213499670035,Brady Mcbride,Oklahoma
GB06TEZP83864368603094,Martin Martinez,Texas
GB64HLPQ61987727491543,Gary Moran,Virginia
GB38ZOGZ55081934039077,Joseph Swanson,Washington
GB03QJXX65696969691559,Mark Bush,Louisiana
GB45GYNZ95573622043066,Barbara Armstrong,Indiana
GB57RHFP62129937397565,Randy Kelley,Oklahoma
GB91QLMQ13632229314705,Sandra Lambert,Texas
GB32KKSC90173425999218,James Pierce,Florida
GB04TXLY30706787528893,Adam Mathews,Texas
GB87NWDE91071368061822,Norma Castillo,Nevada
GB94KYZV78530485267561,Steven Day,Louisiana
GB37XFET70938174240054,Betty Stevens,Florida
GB18FCCK47592132545104,Carla Berry,Washington
GB33YZFC75557408954762,Laurie Rodriguez,Oklahoma
GB86ERHN23573352060427,Elizabeth Chan,Oklahoma
GB96BRCJ84657988153340,Elaine White,Florida
GB36FWWZ77681780351036,Laura Morris,Oklahoma
GB48NVCL63568651283896,Tyler Gillespie,New York
GB86KNAH37471155988647,William Mckenzie,New York
GB04QNHX44573580716254,Amber Christian,Virginia
GB26HAMB79172913277937,Cory Montgomery,Florida
GB78GIMT88241459590614,Joshua Kelly,California
GB06HHPI82861663355060,Jill Roberts,Florida
GB33BLRX44411855644725,Gary Carter,Indiana
GB74XHTB90578508730045,Johnathan Smith,Virginia
GB94BVSR20357901832773,Lisa Wallace,Louisiana
GB44BNBR33880105714824,Diana Moore,Indiana
GB41JURC44055534372431,Paula Hall,Louisiana
GB78WKRB35211584127711,Laura Preston,Washington
GB94BJKC91706350335140,Glen Gross,California
GB33JLSB23781508203286,Jessica Fletcher,Indiana
GB65AYRA02577041502183,Mary Hoffman,Nevada
GB80OFHF94066276234371,Kimberly Cardenas,Florida
GB80NACJ85684390060803,Christopher Schaefer,Oklahoma
GB75ZWPU59107412436379,Chad Wood,Oklahoma
GB23GVSR17149021981068,Paige Smith,California
GB86HXKE35108871873343,Sara Watson,Indiana
GB17IWGX36048735633221,Tara Miller,Washington
GB62UETR33265438857510,Kylie Russo,Oklahoma
GB73WMDA23497099294796,Terrance Rodriguez,Oklahoma
GB46DRYG46502907800603,Debra Woodward,Louisiana
GB36IRKK12578433399865,Mr. John Ingram,Florida
GB59TOKV79949580172468,Rebecca Hester,Oklahoma
GB77XWPX13306238292420,James Campbell,New York
GB87VQIY30242492207162,Susan Bridges,Nevada
GB20LQLB22665125357281,Deborah Taylor,California
GB47VCAH62650253625105,Wayne Walsh,Washington
GB64NYKG64627019446237,Kelsey Herrera,Oklahoma
GB22AHVI42366217144447,Jason Taylor,Nevada
GB52XBAX51776280696083,Amanda Lee,Oklahoma
GB30RFLB18919703058023,Robert Jones,New York
GB16WNOP54087875216436,Cynthia Mason,Louisiana
GB49VVNR05653059174031,Larry Ortega,Indiana
GB37TJUB19171096172037,Daisy Williams,California
GB11MXCU99624250523515,Wyatt Browning,New York
GB71GSAV20659364154859,Lynn Williams,New York
GB83ZGZQ00939743534023,Denise Donaldson,Louisiana
GB36JAJH74426466135565,Jessica Jones,Louisiana
GB35OPKC09171078038821,Mr. James Garrett,Nevada
GB56WYOY39523935664554,Jason Estrada,California
GB06BHQU09032133365347,Michael Johnson,Washington
GB23YQWL12218208514217,Amy Ruiz,Texas
GB14IJLR45924136215404,Robert Shepard,Washington
GB08EXFX29635370161108,Thomas Adams,Virginia
GB05NKXP82122805377126,Joshua Briggs,California
GB79XZPA82231452622569,Jonathan Vance,New York
GB63ADHL52217548317622,Heather Cain,Florida
GB64QGXD37062298365522,Randy Castillo,Nevada
GB40VJVW19045990910415,Cynthia Young,New York
GB53DELK44314688896792,James Glass,Texas
GB78IIDN30105830144397,Barbara Jones,Virginia
GB43XMUN32846499407756,Mr. John Owen MD,Nevada
GB30WCXP61978901512731,Tammy Hunter,Louisiana
GB74DCOA40361057664643,Jacqueline May,Oklahoma
GB45FOXU20837893200881,Heather Montoya,Florida
GB83RMDW83092069836470,Alexis Chambers,Florida
GB39ZVJN77753817321998,Ronnie Brown,Nevada
GB67WALY56604705248789,Philip Mason,Texas
GB88TQMO85426838598855,Douglas Thomas,Indiana
GB10MKAU57059918116808,Michael Parrish,Nevada
GB82JEYF41997833721737,Ashley Mcdonald,Indiana
GB50FWDC57512524795967,Gina Schultz,Washington
GB78UQPQ09373411266019,Marilyn Romero,Texas
GB84BMCP86989220841837,Kristi Jackson,Louisiana
GB11IUFT17197331696057,James Austin,Louisiana
GB76YHUK61033063576219,Jamie Martinez,New York
GB47BTJK63573785356944,Rhonda Matthews,California
GB66AXJF48920787112876,Benjamin Davis,California
GB68PKIN84136710820027,Lucas Casey,New York
GB18ADDT37047973570943,Melissa Wilson,Virginia
GB45AWLC40683949348516,Daniel Schneider,New York
GB98KTKI25311379117126,Nicole Young,Texas
GB90WTFF50365610116367,Christopher Pacheco,Washington
GB47QFQH61371404430917,Richard Vargas,New York
GB58TNFE25702686209958,Maureen Mccann,New York
GB64YCHB11906325301795,Mark Graham,Indiana
GB47PXTL72435323002233,Morgan Wells,New York
GB76VAMH45720610916458,Douglas Wilson,Indiana
GB65OXNI31334125726584,Susan Montoya,Indiana
GB57ETLX57494304395858,Debbie Perez,New York
GB04CSYY73819593005704,Michael Combs,Louisiana
GB75CQLE81587795997710,Austin Campbell,Florida
GB41MITM74861287701531,Austin Oconnor,Virginia
GB37RXGY28285464124702,Brad Webb,Washington
GB02XTRG21353981604398,William Franklin,Washington
GB63GIZK69937569543628,Jennifer Allen MD,Virginia
GB26WCEA23520506167523,Tracy Armstrong,Florida
GB53KVMJ43500639015741,Austin Gibson,Nevada
GB58UXTA18969793451832,Michael Alexander,Louisiana
GB62FOYY88908616014465,Eric Gonzales,California
GB86AWGS70176676521863,Brenda Warren,California
GB27PCMS62050911030466,Brittany Heath,California
GB72NWVE08841313054593,John May,Nevada
GB32NJNN28393221991892,Stephanie Rodriguez,Nevada
GB39ZSAK83133436129785,Andrea Heath,Nevada
GB85JDUU54008487621341,Matthew Richardson,New York
GB24OXQC96177522979365,Michelle Castro,Texas
GB75ZHFS74875596738350,David Ross,Indiana
GB37ZBHB11121209488483,Yolanda Johnston,Louisiana
GB28SUSP32186646472437,Dwayne Walls,Texas
GB92KHIP21803242832338,Tammy Smith,Texas
GB11DLFV53086545243136,Brenda Rivera,Louisiana
GB15FYOA19313334293211,Kathleen Daugherty PhD,Texas
GB09DDFP44663187672752,Travis Martin,Texas
GB04VAZI95278493395784,Mr. James Mcintosh,Nevada
GB03PWQN35695343666419,Amber Dunn,Virginia
GB61XKIX66338439181546,Kristen Wheeler,Florida
GB34DMYC92592400121687,Kimberly Henson,Texas
GB64NYDM68833885381914,Andrea Hall,Florida
GB11VYDW82753388511556,Stephanie Moreno,Indiana
GB11WZXD00317777953366,Joyce Price,California
GB89DVCJ14189885540459,Mark Freeman,Indiana
GB10LXNE41426600023822,Joseph Lowery,Virginia
GB64JZYE01130264502955,James Cox,Virginia
GB74EUUA06433690751748,Joanna Ryan,California
GB69WBXI12100163458793,Maria Campbell,California
GB65YSRP08104925247450,Jacob Mitchell,Louisiana
GB66ATLI87791946972549,Robert Hill,Florida
GB32HKED55933260030114,Jack Stanley,California
GB32GTPQ48947042265411,Christine Johnson,Washington
GB94LOWO47318719119570,Laurie Gibbs,Indiana
GB43UNKO91608170777110,Julie Phillips,California
GB44NKUS02803541414671,Derek Wise,Virginia
GB74JZDP76949901601751,Jason Williams,Virginia
GB23NZZQ80775251208096,Teresa Good,Washington
GB55KDJY11949087857956,Samantha Garza,Washington
GB22ZSLB25432228226788,Brian Butler,Texas
GB43OBXT91662659372760,Ronald Hardy,Indiana
GB95LXBN47474265523305,Elijah Young,Florida
GB44UTGB88609449782300,Taylor Johnson,Indiana
GB70UGNB06410603213083,Stephanie Foley,California
GB61FJNW78762754518944,Charles Jackson,California
GB78YHXK34389395798585,Walter Thomas,Virginia
GB43WNXN89237177270853,William Morris,Virginia
GB55UEYL85473022778888,Christopher Novak,Oklahoma
GB86KUWV20256268624464,Ashley Gibbs,California
GB71KREX60333595872524,Deborah Hubbard,Nevada
GB96OBUR29279529864314,Angela Doyle,Texas
GB72ZHHL44864115299746,Zachary Cooper,Nevada
GB52VZVQ50474717834271,Lindsay Wilson,Florida
GB13DCKZ82907998568638,Kristen Smith,Washington
GB27QUTN35467851060870,David Allen,Washington
GB93KDPO84055131383826,Jeffrey Martinez,Indiana
GB34IICQ83402719193541,Matthew Rocha,California
GB91QPEX02546399580496,Barbara Kelly,Virginia
GB92LBFT45639139330098,Jennifer Blanchard,Washington
GB18NTWN61035600667490,Sandra Ali,Nevada
GB64CRAS93560983838577,Keith Norman,Louisiana
GB07VHZB95583529537396,Megan Hernandez,Oklahoma
GB53MQCH63125077107904,Dave Walters,Virginia
GB13KYPA81151046695078,Linda Baird,Indiana
GB84IKWF78695311457726,Natasha West,Indiana
GB17POHW67851338638560,Connie Jackson,Florida
GB36DHVV74629076180590,Lindsay Mcclain,Florida
GB92XNTX71757381357132,Whitney Fields,Texas
GB79YHPX05551015065533,Michele Shaffer,Indiana
GB24LZUQ34690421392852,Emily Washington,Oklahoma
GB07JYZX36144280078296,Molly Sharp,Virginia
GB32BOLO21768780500853,Kelly Hill,Washington
GB45RGYD05676310504627,Tyler Benjamin,Texas
GB87JUBU64623062145144,Tiffany Larsen,Indiana
GB59AVIX11338409709157,Rebecca Hamilton,Virginia
GB42CBBC53385263744219,Erika George,Texas
GB42VPYA64761805398988,Cassie Hughes,Texas
GB68ENHT33994144611087,Jason Martin,Oklahoma
GB33ZHOK81930365089015,Robert Sanders,Indiana
GB10WRSV29595353304680,Tammie Davis,Virginia
GB49SNJS11823064313569,Sara Underwood,Nevada
GB51XKSC86621614630241,Mary Sanders,Louisiana
GB88RIBY31660596012741,Andrew Bright,Washington
GB16AAYY63006410099974,Daniel Lambert,Texas
GB24TUHN78439171435474,Eric Archer,Oklahoma
GB80GSGC66847805680164,April Villa,Louisiana
GB38AVHW14214816070287,Tina Horne,Florida
GB31XPPR97196877804835,Kathleen Rios,New York
GB97BEFA42651814145282,Sarah Taylor,New York
GB80XNMK46400882149782,William Allen,Washington
GB45ZWAF41188139501488,Alyssa Jackson,Louisiana
GB98EXEX54695886073264,Jamie Smith,Nevada
GB20VCUH41873026121876,Nicholas Glass,Virginia
GB07IRVS62121448492424,Patricia Lopez,California
GB27ZCDK04763889077094,Nicole Villarreal DDS,Oklahoma
GB03SYKJ78577315885631,Tammy Davis,California
GB62KUWN29164095760903,Samantha Page,Nevada
GB42PSLZ14697648245662,Jose Cooke,Texas
GB69HYUO21032065105354,Jeffrey Bishop,Indiana
GB45NFRQ05718300502819,Mr. Jonathan Lawrence MD,Texas
GB61RPJS34806385820825,Mr. Daniel Diaz,Florida
GB62ZPBE75525822254663,Michael Smith,Florida
GB48UOIZ28417505452994,Renee Gilbert,Oklahoma
GB75XXDV51249096461116,Savannah Thompson,Virginia
GB58CRXE96086335830141,Ethan Boyd,Nevada
GB29BKEV48928110228610,Elizabeth Richard,Nevada
GB37MVHD77218417502589,Mr. William Baker,Oklahoma
GB75PZWH43164094758243,Mary Collier,Oklahoma
GB78MZPU56583799496078,Emma Fisher,Texas
GB25MZTG26654585684459,Brandon Gill,Louisiana
GB28ZGMQ27426216902536,Danielle Montoya,Louisiana
GB29RDVY46172818179026,Jasmine Scott,California
GB25FVDM42205982545120,Claudia Graham,Indiana
GB96TJFS01470082279874,Erik Johnson,California
GB65TEVG74985713498210,Bruce Ray,Texas
GB25ETRH49731529746054,Anna Baker,Virginia
GB45TFZI75227915393944,Daniel Calderon,Florida
GB09CPPK91346890706633,Jason Ayers,Virginia
GB68VDCS82601365720028,Eric Le,Texas
GB26CVUN43685602200835,Elijah Anderson,Louisiana
GB44BRRY95655865200689,Susan Ward,Oklahoma
GB86AGXX68168489523800,David Brown,Oklahoma
GB94BBLW25875981137640,John Kelley,Virginia
GB83BVFY00199150221407,James Smith,California
GB28KZSK95163914548597,Andrea Carter,Louisiana
GB78CILO25167508535727,Matthew Waller,Oklahoma
GB57DXHR74770996140146,Robert White,New York
GB58UCQW66548775809568,Sarah Wong,California
GB85SBFZ62532911569941,Catherine Perez,Florida
GB52EIDO32683001430102,Courtney Bowman,Nevada
GB24DSET02121517812401,Jacob Snyder,Washington
GB96WAOD21989693273389,Ryan Gutierrez,New York
GB32PEQD43331095455259,Joshua Jones,Washington
GB78GBVJ88557649403936,Ariel Henderson,Texas
GB31SNIQ91838298284997,Timothy Hensley,Virginia
GB31CQOU72875676638647,Ms. Amanda Nelson MD,Oklahoma
GB61KWLA61402977749269,Tina Brady,Nevada
GB02QHEZ75372978591938,Mark Glover,Oklahoma
GB65AWNH73726202725664,Melissa Jones,Indiana
GB47ABLV44732531789927,Anne Mann,Florida
GB81DBTG17695668773075,Richard Roberts,Washington
GB63XIIV94724073854891,Matthew Griffin,California
GB36KNDF81875307184600,Kendra James,California
GB70QELP25497372558450,Melissa Donovan,Washington
GB15RCNU95229957061742,Joy Armstrong,Virginia
GB33OIEA29134263351829,Amber Sanchez,Oklahoma
GB55ZLSW20139800290945,Thomas Johnson,Louisiana
GB41TIJX92033244173757,Kimberly Bridges,Florida
GB80HWKE12301506034762,Greg Thompson,Washington
GB05BWTS96017605840514,Henry Cruz,Washington
GB36NNUB45690775578051,Taylor Jackson,Louisiana
GB48GMAE62448625213517,Heather Roth,Oklahoma
GB38QTEA99173574090526,Karen Mendez,New York
GB79TPEE12202293651721,Regina Hebert,Virginia
GB51JNHW55058801409387,Ronald Craig,Texas
GB72NHWL73751401289803,Teresa Morgan,New York
GB06CWPK64116281984750,Antonio Rodriguez,Virginia
GB50HEZU97871604627516,Cynthia Sanchez,Texas
GB29HYLA48968470292379,Sabrina Mullins,Nevada
GB54YWBN97860164852890,Travis Lee,Oklahoma
GB28VQYN37966070184640,Michelle Gonzalez,Louisiana
GB19SEOH30891068019261,Tracey Williams,Virginia
GB35JHTO05571123705126,Lori Ramsey,Washington
GB35NECM55681520538176,Mr. Derek Mejia,Virginia
GB65PVIL94131789565709,Michelle Rodriguez PhD,Nevada
GB21IWNB54073347013562,Brooke King,Nevada
GB36UTBJ34228492452958,Kyle Bentley,Louisiana
GB79JEPV00921188364183,Kenneth Smith,California
GB27HTOW65849765148320,Stephanie Smith,Louisiana
GB33GYUJ76460939229176,Cody Frederick,Florida
GB68TDJW62303494008407,Allison Green,New York
GB77ESEX96583348286067,Joshua Mendez,Washington
GB12ZBIC26964121901192,Lauren May,Virginia
GB02UIQD82821807788851,John Morales,Florida
GB73FXVA91289290818973,Erik Mitchell,California
GB55GKHX87663976729240,Yvette Blackwell,Louisiana
GB84XQXM76555007091790,Danielle Snyder,Texas
GB42KPZH35007835455413,Kenneth Trevino,Florida
GB42RLCX09210795722429,Jennifer Barnes,Louisiana
GB18ANVH97070913484670,Meghan Scott,Virginia
GB73OOLN25036628764303,Scott Rodriguez,Virginia
GB97GNUW09919141795548,Matthew Rodriguez,New York
GB18IMXE18258356885292,Lindsay Mcdonald,Washington
GB13AASB76860365165007,Deanna Gonzalez,Florida
GB40KART58984724826659,Diana Decker,Indiana
GB69FZKH13250162294845,Erin Gonzalez,Oklahoma
GB42VQEW96645346104668,Andrew Craig,Louisiana
GB84DOUO93039538707838,Michelle Johnson,Nevada
GB38SLRH26674178732758,Amy Osborne,Louisiana
GB39UVYP55250262010455,Christina Ramos,Oklahoma
GB49AMUC77741027523981,Nathaniel Lozano,Nevada
GB69JIIT69939746626622,Jason Mendez,Oklahoma
GB32YLTW00827358927126,Anthony Jenkins,Indiana
GB78ALJE34668615890210,Stephen Fitzpatrick,California
GB80YHKD24999142789227,Susan Gonzalez,Nevada
GB86ZMFI51596732056016,Scott Bass,Virginia
GB13TEJT25793383619715,Barry Ryan,Nevada
GB22UVZP42490537998550,Lisa Jackson,Indiana
GB93XICL08205373755124,Jennifer Shannon,New York
GB91AAFY66590419903471,Julie Wilson,Texas
GB82IKUM40455606179280,Kendra Zamora,Texas
GB23YTRM27616834130622,Edward Gutierrez,Virginia
GB78LMQU12843281866402,James Sellers,Washington
GB53QFRR41009696080524,Nathan White,Washington
GB96AJAP79654257485972,Jennifer Ferguson,New York
GB54ZLXT73123649809696,Isaiah Gray,Texas
GB30LNOU21067291231910,Derek Hubbard,Florida
GB57GYZI35057421979129,Christine Ramos,Washington
GB53AUPO54570460011804,Victoria Flowers,California
GB14UTKO67204545035106,Andrea Burns,Washington
GB61FLCX79907416022633,Joshua Weber,Texas
GB61ADSL45141818010659,Pamela Pearson,New York
GB84OXUL16585372285560,Benjamin Turner,Oklahoma
GB54EWQU30503596326089,Julie Weeks,Nevada
GB70HKJA84252860348578,John White,New York
GB11ZDDI40269284970963,Ronald Green,Louisiana
GB23MBFK75936900157785,Kathleen Brown,California
GB25DEFE53622461686098,Brenda Cox,Oklahoma
GB76ATRV27816742694271,Elizabeth Rodriguez,New York
GB53XXAY15336153582808,Deanna Mills,Oklahoma
GB45LPBM27226612735911,Hannah Sellers,Louisiana
GB86FEDH16976152291969,Paula Dominguez,Virginia
GB63IJWG20025580927607,Gary Schneider,New York
GB39JBKN66495318347776,Lindsey Lawrence,Texas
GB16LBZQ43185602548760,April Stuart,Nevada
GB96ENMD70839838391909,Julie White,Nevada
GB94LQFX15161920064541,Allison Lee,Nevada
GB58FURV40592503019151,Cheryl Salazar,Virginia
GB08DXRK84583569977234,David Torres,Louisiana
GB31FFAF86428340584130,Terri Gill,Virginia
GB33HRXO23034307752256,Steve Ortega,New York
GB04VNSS72365916442024,Paul Robertson,Washington
GB15NUYB60187580180717,Wyatt Mitchell,New York
GB79VWJT94521081698728,Lori Jones,Washington
GB59XTJA98127642027316,Rebecca Richardson,New York
GB30WMHT92359171544358,Kathryn Brown,Washington
GB90EFDR06133163302950,Terri Todd,Indiana
GB89UTNI63898706707552,Melissa Wright,New York
GB88SOJJ40251530982927,Edgar Woods,Washington
GB96XRTI40348567594816,Jeremy Wilson,Virginia
GB31CHYM33907212900283,Shari Sutton,Indiana
GB51IDJK56073462948008,Daniel Acevedo,Florida
GB21WWQP76781567709843,Shannon Williams,Florida
GB97XBZI84630409628292,Stephen Johnson,Texas
GB29ISXB53132716703709,Alexandra Jacobs,Florida
GB80OJQW21295394492760,Joseph Davis,Texas
GB57JIHD68804342114743,Tyler Simmons,California
GB61YDKY04104295373403,Melissa Chavez,California
GB81VFXM72810514095545,Ms. Angela Clay,New York
GB67NMEY50442765169774,Jessica Torres,Virginia
GB06PXLN55545886771649,Zachary Lynn,Texas
GB09IZFD55297203429066,Jeffrey Wade,Florida
GB18GCHZ07336633695042,Christopher Clark,Florida
GB13FSEX93865280895785,Lacey Thompson,Washington
GB87YKLG92106659810831,Diane Torres,Florida
GB70AWRZ77377442204400,Michael Williams,California
GB27DFJD49056556429893,Manuel Jones,Texas
GB96WIZC05527452110666,Johnny Russo,Nevada
GB34DWUK73687851936387,Anthony Rose,Nevada
GB05IXLY12313074879314,Maria Smith,Florida
GB46SJKN86123466700514,Michael Sanchez,Washington
GB02MXUC15404436710981,James Johnson,California
GB36JQFR99817730612319,Melinda Perez,Texas
GB17LRJB98314261306736,Brittany Lee,Florida
GB59KJNQ31635150022959,Tyler Willis,Virginia
GB17NIMZ67414831831117,Nicholas Spencer,Oklahoma
GB80MEIW62416773524495,Donna Holden,Indiana
GB39PPIW70239949742084,Danny Suarez,Texas
GB17PNXN45316484805772,Mr. Nathan Boyd,Nevada
GB86YMQB79115420322626,Jason West,California
GB67XDGS21245234255768,Chad Bond,Louisiana
GB91DKFO22486391825673,Brittany Smith,Indiana
GB30AXVP85376216986370,Colin Weaver,Virginia
GB97EQGR89093180245254,Stephanie Hall,Louisiana
GB58TLKK51096243983405,Robin Mccall,Florida
GB48IMMD50650522816413,Wesley Nelson,Nevada
GB35XLNX42212751261513,Andrew Wolf,Nevada
GB50ODPA14563693481525,Philip Torres,Washington
GB02BYEL74879943663416,Heather Gonzalez,Indiana
GB74ULMK45539892994867,Alexis Smith,California
GB81ZWEN74088826258911,Shawn Smith III,Texas
GB40VMYE29137894337871,Vicki Douglas,Virginia
GB72NCUL16140819263910,Ashley Randolph,Nevada
GB57WXGH60788052185879,Guy Mitchell,Virginia
GB88KLZU42091003837939,Mr. William Morgan,Virginia
GB35EZNI60912359443691,Jason Scott,New York
GB73MXXW59997458780949,Jason Black,Oklahoma
GB61YSEK98745403993090,Michelle Mills,Washington
GB95RUJP63239609440797,Angela Jordan,California
GB81MQSP64038262439808,Sherry Sullivan,Florida
GB24SFKK57668046306327,Donna Gates MD,Texas
GB94LWPD35220200959798,Rachael Hernandez,Washington
GB61GWLT09183215731741,Juan Pratt,Virginia
GB73MGDS96108023957119,Judith Medina,Washington
GB31OIJE28597643377577,Melissa Burton,New York
GB59DXGA71341256610446,Michael Thompson,Virginia
GB14HZDR28522875593137,Courtney Arnold MD,Nevada
GB85QQFS57412536620923,Jennifer Adams,Nevada
GB83EPBC12237764244921,Justin Kirby,Louisiana
GB25XCYU42025288059670,Lori King,Nevada
GB90HDXX47348348939127,Patricia Haas,New York
GB36TBHH75928618445970,Michael Adams,New York
GB62QBLY95637786615673,John Gibson,Florida
GB32UFKN62223906291233,Donna Fischer,Nevada
GB40KYTM88498948974784,Tammy Powell,Indiana
GB41ZZSK74882924679578,Carolyn Yang,Louisiana
GB85ZQYB94979273010964,Glenda Mendez,Oklahoma
GB20XLBV91403495810203,Elaine Kelley,Virginia
GB19OQXV50315639015405,Dylan Rose,Indiana
GB56OJSG00453986145556,Michele Moore,Texas
GB79GYPL36871750172793,Victoria Burns,New York
GB68AFCP41817757831958,George Sheppard,Indiana
GB30LZUH44075726240593,James Burke,Indiana
GB48ODDS24418173162455,Kristin Clark,Texas
GB65XMGA05966476257234,Gabriel Harvey,Virginia
GB54QQIV13533513985339,Austin Cooper,Louisiana
GB70XAIV32442007140895,Mary Reyes,Oklahoma
GB45LSPG58398202826454,Vanessa Blair,California
GB54VPPO74981721205278,Rhonda Thompson,Oklahoma
GB35YKLQ73126784015448,Michael Duncan,Louisiana
GB44JPIL54203944183932,Christopher Rodriguez,Washington
GB73XOIU90408139649410,Keith Lutz,Indiana
GB38QXBC60164398486034,Cheryl Stanley,Washington
GB20MRQA76321472779700,Rachel Gilbert,Indiana
GB77JKVD58105523430797,Sabrina Webb,Florida
GB69WGEX69353004318294,Holly Stephenson,Nevada
GB18LQWL60323713236176,Kara Price,Florida
GB66JLRU17333262660033,Brian Franco,Oklahoma
GB50MWPV12273138995311,John Padilla,Florida
GB17NWNX75954234913895,John Hull,Washington
GB88OFTP63707488101934,Tiffany Morse,Oklahoma
GB08FSTE03450147946865,Peter Edwards,Indiana
GB92GTZL88165965176343,Dr. John Wang,Nevada
GB85CFCG26957953470862,Brian Duran,California
GB69VJAE21982843374522,Mike Curtis,Indiana
GB27UVKB98796405536726,Alex Ross,Texas
GB28VIXF57492223340092,Lindsey Banks,Indiana
GB90BAAH70851055124822,Diane Ray,New York
GB68INIT40257306455109,Thomas Young,Indiana
GB64FLOZ64841214983784,Eric Coleman,New York
GB70ZVUT20569308208653,Robert Frank,New York
GB53FHHY27179373246544,Nathan Brooks,California
GB40LKCK35080541660036,Adrian Davis,Washington
GB14SBTV88322113771967,Jonathan Monroe,Virginia
GB81YPXF04175710827940,Amy Callahan,Texas
GB02XVCF04584604614586,Lisa Tapia,California
GB34MLBY10082432540431,Nicholas Contreras,Virginia
GB05XUOD79144085796831,Caitlin Mcdowell,Louisiana
GB38JWQS37370227623396,Tiffany Brown,Indiana
GB94WVNU79747865727592,Christopher Black,Louisiana
GB48YBQS98445015060253,Alyssa Frederick,Virginia
GB47VZJA02985183146697,Gregory Bond,Texas
GB35JASC07092098384196,Erica Allen,Texas
GB72WSYC52563074574645,Jessica Marsh,Virginia
GB32ITSD72995510808244,Gregory Wallace,Texas
GB90LKON76721821048418,Holly Olson,Florida
GB59MHGF71254400300976,Scott Glass,Louisiana
GB66OTKG86453815974455,Craig Lane,Washington
GB27ZDNF07006254551324,James Robertson,Oklahoma
GB52RXLZ69282407744169,Elizabeth Smith,Louisiana
GB82WEHJ51618313027055,Cheryl Scott,New York
GB07JFMX42218324535502,Kathleen Farrell,Washington
GB66HVCN02166953547869,Douglas Whitaker,California
GB53WQMB94177202508743,Molly Brennan,Indiana
GB94FBNI79108023780365,Brian Mills,Texas
GB66JJUV35591852410494,Shane Richardson,Oklahoma
GB44AYZV38399824959363,Brian Murillo,Oklahoma
GB70UVNK48634919540671,Daniel Rivers,Indiana
GB19JBDJ11012364499408,Amanda Bass,Florida
GB63TAQM04635795535448,Jennifer Blake,Washington
GB74WEVI54114651644568,Wendy Phillips,Indiana
GB31PBRR97840783974684,Troy Dunlap,California
GB90TAQV80802779458800,William Wheeler,Louisiana
GB71MBLL22516346762236,Jose Kramer,California
GB26OJSU04286873949477,Madison Lopez,Florida
GB61NZMZ56717915754324,Samuel Irwin,Texas
GB77NMRX68117059287002,Jason Chase,New York
GB76AYVD43883198406606,Paul Barnes,Indiana
GB45GNPZ23526959598449,Chad Hines,Oklahoma
GB74EEBB70017190839851,Geoffrey Bryant,California
GB78PJHZ84715715208811,Jeffrey Floyd,Oklahoma
GB45ZCUM29176824862179,James Black,California
GB65CREL68840579839768,Melissa Murray,Texas
GB95UVWY48882042316712,Jill Miller,Nevada
GB75CJBL95271624589838,Jason Carter,Louisiana
GB14CQIK71997504751272,Donald Mitchell,Indiana
GB80YPZC05438767100147,Judith Ortiz,Oklahoma
GB56VFEV12834242000979,Tamara Ellis,Louisiana
GB29JZCK24674851355937,Dr. Juan Payne,Florida
GB71ASKL76390133221140,Colin Wheeler,Louisiana
GB65JORW91814566881773,Anthony Anderson,Texas
GB60SVKC74111234290822,Matthew Weber,Indiana
GB88USZP55662364638163,Kenneth Banks,California
GB23IRVU78652610988528,Brian Cantu,New York
GB32KOLN11585892041645,Christopher Brown,New York
GB75WSWE72940441292474,Barbara Allen,Louisiana
GB91RSCY97572563860001,Christine Vazquez,Florida
GB05WLGI63803384196539,Carol Martinez DDS,Nevada
GB73QPVV22284468007312,Julia Deleon,Florida
GB35IXCD71647905254039,Kenneth Martin,New York
GB27QQAD00571287863725,Donald Bennett,Texas
GB22VSVX35170015808746,Jason Warner,Louisiana
GB66CPSB04328863598390,William Barker,Florida
GB76LHBM28180936175446,Christopher Hayes,Washington
GB25YPSR89848881911818,Jade Vaughn,Indiana
GB62IZRL82012092859067,Amy Long,Indiana
GB43FAYJ05609368192866,Carol Williams,Texas
GB94EYOH02762324557675,Elizabeth Solis,California
GB91YPCN95041745923826,William Kline,New York
GB70VWXI47850677182275,Amber Brown,Washington
GB59ZNSM69689614836242,Shannon Fox,California
GB34EBDB13362343180034,Reginald Gutierrez,Florida
GB15WOAY93383877542054,Jacob Gregory,Nevada
GB08XNSV65560594475101,Robert Davis,Texas
GB61ZCID36574179945894,Jose Martin,Florida
GB59QRIY07994921917192,Timothy Miller,New York
GB98XSTN11196722097503,James Hernandez,Washington
GB43DMYF99798035985712,Andrea Cross,California
GB54OZHH30493281868587,John Sheppard,Virginia
GB23RIKR78201975243630,Kristen Park,Florida
GB32YLQN11460290430654,Dr. Andre Barron,Oklahoma
GB78WEUO62645254475388,Clinton Aguirre,Virginia
GB48UFWU23506700053465,Michelle Barrett,Virginia
GB02QKSW70871504672501,Denise Anthony,Washington
GB24ACRN46906783806778,Richard Kelly,Washington
GB34FUKU07516044282592,Linda Chase,Washington
GB12JJIX34229816594699,Aaron Best,Indiana
GB73DXIF43676573544405,Dr. Matthew Jones II,Virginia
GB66ZDEA12066419269317,Karen Fuller,Nevada
GB81EMLK54468015100995,Heather Farrell,Louisiana
GB66ZUHV10381938139741,Kelly Garcia,Florida
GB20EMQV94585413351517,Katherine Dixon,New York
GB17JHAT11292354762565,Matthew Nichols,Louisiana
GB63QGED50447010935576,James Wong,Louisiana
GB50WQIN99779538047357,Tamara White,Indiana
GB62GSMG63806370339046,David Wright,Virginia
GB71GCZG41036432537477,Karen Parker,Virginia
GB23RMDK81538052580305,Teresa Monroe,Oklahoma
GB18MKPJ38494089942473,Aaron Stevens,Washington
GB04FYEE15550629882207,Roger Le,Indiana
GB89UQGJ42101827313459,Eric Oconnor,California
GB17WABQ73289960962293,Robert Carlson,New York
GB27KJTL42352449607688,Joshua Riggs,Indiana
GB94GMKF64819702910367,Christopher Rivera,New York
GB10ENSH60890320066125,Matthew Davis,Washington
GB51AJWE08603963888838,Justin Rodriguez,Nevada
GB67ZYEG66952197659516,Steven Russell,Florida
GB45ZIMN00982934266878,Jay Brooks,Nevada
GB55DZVU29290531215498,Timothy Smith,Florida
GB43IOOO89519306711725,Kevin Jones,Florida
GB12MYBA01460844545934,Anna Bailey,California
GB15SMUE36285413227859,Sara Garcia,Florida
GB59RUNK03989327848332,Elizabeth Sutton,Oklahoma
GB27VXLX06453418237460,Gregory Jones,Texas
GB98KKBF36851339923859,Anthony Mckinney,California
GB06AYWC64493069275431,Gordon Parker,Nevada
GB03WEIE91769080382954,Christopher White,New York
GB88BXQU71746807399032,Jessica Strong,Oklahoma
GB88HLZL48083148775231,Jonathan Hunt,Nevada
GB03KPJO87441485996104,Carolyn Coleman,New York
GB72VEGJ57201151729763,Tracey Rodriguez,Virginia
GB18NUMT89368561735671,Michelle Daniel,Oklahoma
GB68DSDH38867161795725,Angela Taylor,Texas
GB63GQRJ85680375671489,Riley Cobb,Louisiana
GB94SASJ30167300846603,Steven Romero,California
GB09USZZ36995119770031,Taylor Holmes,New York
GB67DVYZ37801160450997,Larry Valenzuela,New York
GB10JQUC50599727214904,Amy Lewis,California
GB44BRQH29992023266959,Donald Black,California
GB75LTVB49099601792581,Sara Castillo,Texas
GB63DZWF90035870912603,Mr. Mark Navarro,Indiana
GB88PRUG25947151199689,Debbie Moore,Texas
GB16ILST80868272406393,Monica Baker,Texas
GB16PHJW47954154700228,Larry Brown,Florida
GB63DEFH12803037312553,Michelle Barrera,Florida
GB53WMAN37584169072892,Jason Glass,Florida
GB77HBZZ37695246015182,Jose Bauer,Oklahoma
GB50BBPE27850106645797,Scott Washington,Florida
GB30THUH66600889505865,Christine Hall,New York
GB16HSTC28408653674110,Laura Hart,California
GB53FGJP43519512331268,Lance Gill,Virginia
GB55VCLB15837131836022,Stephanie Evans,Virginia
GB06BSVX30183713525385,Stephanie Mcmillan,Virginia
GB12ZUUO89296595388263,Brian Williams,Virginia
GB40UOFP42442655648074,Dale Brown,Louisiana
GB68BWIO23880417693461,Stephanie Lewis,Indiana
GB31QGSW08375226395613,Mr. Bernard Fisher,Oklahoma
GB96VURG33780731605065,Audrey Terry,Nevada
GB22COPE99768268486140,Jennifer Bass,Washington
GB04SLLV43379943784478,Katelyn Wise,Texas
GB52WMYN21265275685098,Kristina Dean,New York
GB39BCFK50245962378676,David Lucas,Louisiana
GB46BTBT33570651741277,Bethany Kelley,Florida
GB14PUFT85573186677306,Kelly Wilson,Florida
GB36HIEA59291384960459,Donna Morales,New York
GB15YNDJ00088080382186,John Werner,Texas
GB22UGBK32210982011407,Gregory Patterson,New York
GB21JXVO40988014492771,John Johnson,Nevada
GB94SKWP98702479464868,Lisa Baldwin,California
GB66ZQUR41656426024572,Sarah Horton,Louisiana
GB14TWPF19640709336775,Wayne Summers,Oklahoma
GB74FXZR23414623095597,Kimberly Houston,Washington
GB46KUFL61702619017786,Joseph Miller,Indiana
GB55ZEII75327594807039,Sean Reid,California
GB11ZJKP02358472966526,Traci Martin,New York
GB75TXTI19056577602362,Brittany Jones,Virginia
GB04QITV75583568495566,Laura Young,Washington
GB70ZIRD86844928301055,Paul Johnson,New York
GB08YTME87292290148316,Andrew Jordan,Florida
GB84UQTS03293520945992,Dylan Knox,Oklahoma
GB60ENIC19408253442929,Kristine Cochran,New York
GB22FZIV95788417497238,Amanda Wells,Oklahoma
GB47EXUI85414849688850,Amy Conway,Oklahoma
GB39IWCP48692949730741,Michael Moreno,Oklahoma
GB58KBTJ92473961002988,Richard Raymond,Texas
GB42NMAH62008343702390,Danielle Berg DVM,Florida
GB17KFDV50998607000056,David Waters,Texas
GB85KUMO30236006215045,Glen Pena,New York
GB78QGSU13558003649338,Gavin Anderson,New York
GB27DVBS20434837879437,Lori Patrick,Indiana
GB23TLFR97585429311096,Jennifer Graham,New York
GB84OJAN28163453367789,Angela Floyd,California
GB35BWMW54577755027783,Craig Kent,Nevada
GB22ZUBG41731793072122,Henry Jones,Louisiana
GB45WQFG45235115667277,Russell Clark,California
GB11PMOO67482098833820,Dominique Stanley,New York
GB91IOKZ95876898888132,Matthew Barker,Nevada
GB90MSZP91179105135847,Charles Thompson,Louisiana
GB82WNJJ58726585934518,Kathryn Roberts,Florida
GB86QDUA18428873847581,Tara Johnston,Oklahoma
GB78AHXO11611940172568,Dana Valencia,Texas
GB96SUKH85760482712706,Nathan Lawrence,Washington
GB67DZWS61100376419535,Michael Roach,California
GB15LRAG42653386514087,Scott Morales,Virginia
GB25KGRD34107630294319,Joe Werner,Texas
GB49ULGL95656558642671,Jessica Sutton,Louisiana
GB84RORD25827067062336,Brian Reid,Virginia
GB45ANWE77364505192682,Tina Walter,Nevada
GB15NSZO52046753868203,Nancy Morris,Oklahoma
GB29PKVD16486416488345,Maxwell Austin,Virginia
GB56DEGD21649052241453,Jennifer Carter,Louisiana
GB40PHMW25696399253757,Paige Russell,Louisiana
GB18ECQD26825581842293,Dana Levy,Louisiana
GB60LLDR89549694515612,James Mosley,California
GB34KKOM02811458560998,Taylor Mann,Indiana
GB42PNQY93053685755363,Holly Wade,Indiana
GB94XHFU29889790961661,Brandon Stewart,Washington
GB20RNUZ46037031478462,Fernando Velez,Louisiana
GB21IJCH34523079254302,Stephen Davis,Louisiana
GB22YLMP60095472187799,Margaret Hughes,Texas
GB73SNOU05930688821185,Rachel Willis,New York
GB17DTDK37617326373593,Michael Moore,Texas
GB68JMCP51603532133198,Shannon Collins,Indiana
GB59LFEQ74564452743507,Mike Fleming,Washington
GB17QXCL48029478385889,Elizabeth Rivera,Florida
GB71LNRB00833049307720,Rachel Gentry,Washington
GB70LQOB60762523078060,Robert Wilson,Florida
GB55ANSH63604652566834,Cynthia Hudson,Florida
GB21VIRN70478273498013,Mary Martinez,Washington
GB12WFBF93330484758997,Bruce Smith,Nevada
GB13ZQGU30472529162665,Catherine Baker,California
GB45VHFS50644583296179,David Suarez,Indiana
GB40PUDF61130669885110,Jeffrey Norris,Oklahoma
GB80KYNH65338565754467,Michelle Young,Nevada
GB39EMFX33850468861607,Alicia Carter,Nevada
GB76IEDM45473237587001,Zachary Porter,Louisiana
GB45SEVS38667523317481,Adam Cruz,Texas
GB80BXGS22215997198481,James Mendoza,Louisiana
GB60CMKQ07919934883795,Hailey Lambert,Nevada
GB14HYJK61928716649382,John Luna,Washington
GB74FUII47849937403212,Rachel Murray,Louisiana
GB94IYVL62962146167817,Felicia Owens,Florida
GB78WHVM20883364214391,Alexis Bender,Texas
GB17JBIO91767097430042,Kimberly Long,Nevada
GB62WYXH27780731234292,Austin Brooks,Texas
GB89XOIW17405052709534,Kathryn Hutchinson,Oklahoma
GB04XVQB43407409828382,Kimberly Morales,Virginia
GB45DUWM79777806326578,Tasha Raymond,Virginia
GB87ZKSD35213121828683,Brenda Dean,New York
GB50LQTT84675419366029,Sydney Howard,Florida
GB95YHPM10428413392015,Kyle Beck,Oklahoma
GB09XZSX54663741959845,Amy Monroe,Oklahoma
GB08BAZG11683248869720,Raymond Hansen,Florida
GB53DGDN16173352398796,Brenda Guerrero,Florida
GB32MNOI24194117155940,Kimberly Grant,Nevada
GB92ODOZ54584803770642,Andrew Vasquez,Florida
GB76IOUN81557162276920,Jessica Rowe,Florida
GB36VHVU73813234994618,Miranda Logan,New York
GB03GJEN34064719986073,Ashley Kennedy,Indiana
GB90QTBQ45927352350085,Jeff Bauer,Oklahoma
GB24DDNM98944298985918,John Nelson,Florida
GB54GHUF65539960354890,Nancy Johnson,Oklahoma
GB09MWDZ57584047921127,Spencer Mitchell,Texas
GB33BXOU60035562973909,Joseph Kelley,Nevada
GB44EXMT51490214163527,Anita Smith,Florida
GB34GVHG70398213671634,Judy Harris,Florida
GB20FSOQ15265101606577,Larry Smith,Washington
GB67UMVN48155500380872,Amy Banks,Texas
GB27UGKA71962907963653,Gregory Martinez,Texas
GB87RDBT47937411989498,Natalie Schneider,Indiana
GB22WGVW07968971824307,Carolyn Davis,New York
GB61XSRS35764981568909,Stephanie Gonzalez,Virginia
GB25MOTL92902289423995,Leslie Gonzalez,Indiana
GB06DMHO21232633363841,Rebecca Bryan,Texas
GB13IGBD10072468699070,Nicole Cummings,Oklahoma
GB03OMHL90598638806323,Michael Olson,Virginia
GB51FEEJ25700271049832,Jesus Ferrell,Louisiana
GB52UZVD20210912105857,Chad Frye,Washington
GB28SMJW51905491393925,Jeffrey Pitts,Florida
GB44LFIU08430840412546,Charles Villanueva,Texas
GB48YJVA97204281993514,Kristin Warren,Florida
GB89GNGP00181123652142,Lisa Ross,Virginia
GB90NVOI05364608095478,Stacey Rios,California
GB69BADJ34833544752668,Brenda Powers,Virginia
GB44EQPY24129352720192,Elizabeth Russell,Florida
GB81EPRU27979334576970,Dr. Albert Porter PhD,Nevada
GB61BVVY57264099334886,Jennifer Barron,Oklahoma
GB17OLVV69934254801070,Mrs. Brittany Hill,Virginia
GB17CBHN09067917476101,Anthony Gomez,New York
GB75PXMJ37631590125558,Daniel Parker,California
GB08EGQQ44692165374289,James Nichols,California
GB51XDRD86911364458983,Brian Campbell,Washington
GB04YNUO62698392975421,April Sanders,Nevada
GB09SYGS90132456874289,April Lee,Nevada
GB06LQGD83729809105996,Marilyn Carter,Florida
GB12UBDS58124964355422,Robert Kennedy,Nevada
GB06GUMW70667026675217,Brian Hays,Texas
GB69DZPR97475644231845,Alyssa Robinson,Texas
GB30LEKZ76025751533135,Andrea Ayala,Washington
GB41YAKJ02008347862173,Nancy Caldwell,Louisiana
GB90VBKC86887674619154,Elizabeth Durham,Florida
GB54UBVW22708989783911,Peter Scott,New York
GB70TVDZ74350142884475,Andrew Krueger,Louisiana
GB61SSRY26393693896025,Susan Wang,Nevada
GB80IWHD88080883133805,Jeffrey Davenport,New York
GB34UWQH18390562032473,Jasmine Bennett,Texas
GB92RGXS50739685060955,Jeffery Mason,Oklahoma
GB22LNYR32973115005559,Brian Patterson,Louisiana
GB71NQPY19919311938374,Andrea Estes,Oklahoma
GB47WWBN79890479356821,Kelsey Norris,Washington
GB29RZJG48620596376038,Kristen Moody,Florida
GB54DWPR07040765942440,Christopher Wilkinson,California
GB50RBHN85534492263382,Ashley Mendez,Washington
GB50NJZY20404219117806,Calvin Orr,Texas
GB48FZBE98700529297327,Claudia Montgomery,New York
GB24HUYC82091226774759,Anthony Rhodes,Virginia
GB12NCHK69887980616313,Preston Roberts,New York
GB10FHGU95135442278939,Samantha Johnson,Nevada
GB24VJWF27634876899238,Toni Rodriguez,Indiana
GB25USLS92318705219180,Thomas Rowe,Louisiana
GB71QWIN09447121058992,Jared Cisneros,Texas
GB90KNAE41526634214609,Jose Henry,Washington
GB59OGYH60462438762017,Robert Lopez,Oklahoma
GB65LXMO68172029037501,Nathan Ayers,California
GB66EEDZ66720190325435,Tiffany Nichols,New York
GB34KWYM19535925978349,Mark Roman,Oklahoma
GB65NCTN76002027496006,Tyler Mason,California
GB49OPDA60395371034806,Kevin Shepherd,Florida
GB26VWFE63214144849625,John Chapman,Washington
GB34UZTG43588255179044,Jeffery Jones,Texas
GB73DKUM62049181668616,Janet Roth,Florida
GB56CHGD71378659167758,Andrew Robertson,Washington
GB36KYZD08691864879898,Eric Moore,Texas
GB31ULRX75266421779528,Melissa Carpenter,Virginia
GB34QFOV52437331251745,Connie Lawson,Virginia
GB76SQDA79122717089189,Joshua Perry,Oklahoma
GB07WNPQ45224961809898,Paul Miller,Indiana
GB64MKJR12708852959442,Francisco Mcdaniel,California
GB98QTKC44435490632255,Aaron Ellison,Washington
GB87DTGM78766045788060,Paul Smith,Nevada
GB07YVXF81166078380247,Mr. Jacob Clark,New York
GB59HEIH10507628618015,Amanda Scott,Louisiana
GB66CWHV67041060761866,Victoria Mckenzie,Nevada
GB08HTUK19111918176455,Samuel Nguyen,Oklahoma
GB31FKZJ96581250464773,Joshua Hunt,Florida
GB67UQWF57343193426654,Jeremy Fuller,Oklahoma
GB68ROWL52560814875695,Brian Dawson,Oklahoma
GB39IZSV07132844999954,Jessica Thompson,Nevada
GB09ENFC89839598753348,Gwendolyn Montoya,Oklahoma
GB58HBWZ70919538183830,Andrew Miller,Nevada
GB47AZZQ43176686767134,David Baker,New York
GB74FKLJ09387226643107,Eric Martinez,Indiana
GB65ZLLB60914246796997,Shawn Baxter,Texas
GB66IFWT42291422332843,Emily Smith,Virginia
GB36IHDW96977339230319,Amanda Martinez,Virginia
GB26IZAD79093073645799,Jennifer Wilson,Washington
GB15XXIK15237575184412,Michelle Williams,New York
GB26MKEF62201721445071,Mary Thompson,Florida
GB07DXUI10577806594825,John Davis,Florida
GB03WSYP66674603303077,Donald Contreras,Oklahoma
GB14BNGR64034234139907,Victoria Walker,Virginia
GB03ZUCY66095383934182,Sharon Peters,Washington
GB48MMVW23293759700977,Victoria Weber,Florida
GB62TPPA75937388892840,Nathaniel Stephens,Indiana
GB15IXYG77051220408511,Robin Garcia,Louisiana
GB95VWCW41156069820314,Patty Roberts,Nevada
GB86IBKP80140482042275,Wesley Jackson,Texas
GB18QRUG80237962532303,Larry Gardner,Louisiana
GB59JJYT01029174832354,Jason Briggs,Louisiana
GB03CNLF44387063523040,Evelyn Jones,Virginia
GB88UFWF76789110593317,Tyler Baker,Louisiana
GB59NCCA38970345565250,Abigail Johnson,New York
GB84DJAQ17678955751236,Dr. Felicia Hamilton,New York
GB33SCMM96994234268498,Jacob Rivera,California
GB65SMPK03700312276485,Victoria Gomez,Nevada
GB10YUSC09659396333395,Jesus Figueroa,Virginia
GB33DECF04470896526857,Troy Strickland,Washington
GB96RRKP93646801953186,John Flores,New York
GB18DWPN70979431049771,Christopher Logan,Florida
GB32PZGK47901115564857,Robert George,Texas
GB08KEQY20730724127851,Lori Young,Virginia
GB44RYFS67755728701015,Andrea Jennings,Texas
GB67JNPD51770761480869,Billy Hubbard,Virginia
GB53JYCP75428136848376,David Lawson,New York
GB49KSBP30175978867838,Ronald Bailey,California
GB25UYKH73774706323438,Austin Mack,Nevada
GB75RQJK76428419788353,Scott Hamilton,California
GB86IQVL93392930974703,Lisa Davis,California
GB56WHXQ26459560620490,Gina Schmitt,Indiana
GB94KAUQ39079127564457,Teresa Phillips,Texas
GB33CTCR40837611979126,Shawna Cox,Washington
GB16BPFT61676838769896,Mr. Clayton Duarte,Virginia
GB04DJTF37369972170301,Taylor Collins,Indiana
GB76XZGO17318513050142,Tammy Garcia,Indiana
GB84DEQQ73639774119043,Destiny Brown,Indiana
GB50KIJQ02549275475313,Richard Holland,California
GB33IZAY48424367366764,Joshua Mann,Washington
GB63XRST74336716989505,Nicholas Rowe,California
GB56YGHN47633760787407,Jeff Holt,Florida
GB07HESY23467476257233,Molly Santos,Virginia
GB36CVZM48893766065264,Marissa Rivera,Louisiana
GB02VQNW93056046361153,Jason Duran,Louisiana
GB26CCLR57407136954810,Melissa Morris,Virginia
GB89EMFR06350062616894,Jeffrey Walker,Indiana
GB47VNRC46490747671723,Craig Price,Texas
GB20IVTF53947200543683,Gregory Mcmillan,Washington
GB33LAZT38986935959288,Sean Rodriguez,Indiana
GB42HALI63370372151864,Benjamin Mason,Louisiana
GB84CCYZ47183312115007,Olivia Diaz,Nevada
GB16GTOU11458018690424,Mary Cunningham,California
GB42ZVKH21519748538325,Julie Donovan,Nevada
GB60FKYY49787813735730,Alexandria Carter,Florida
GB51VSJH71330185160405,Richard Rowe,Indiana
GB95ZHQE79609163426504,Nancy Schroeder,California
GB96WZHD96696947382405,Jerry Reeves,Texas
GB77DLRI52247680145815,Jessica Hood,Texas
GB40GSAZ69091141241817,Lisa Sanchez,Louisiana
GB49WSAK52729025274982,Gregory Reid,Nevada
GB09MVBY76744931797724,William Coleman,New York
GB49WDSZ74719758456100,Yolanda Thomas,Oklahoma
GB08QRPK29090937439148,Alexis Lee,Washington
GB55OJPR15702552979163,Tyler Hernandez,Oklahoma
GB67APDK80382532277710,Julie Williams,Washington
GB04UDLH65599124177743,Laura Lynch,Washington
GB21TGUI86886549074518,Sara Ramos,Nevada
GB54VVZI31205893227653,Abigail Lam,Nevada
GB42RUNK01659660648625,Barry Barnes,Oklahoma
GB67KBNL69145959894947,Connor Murphy,Virginia
GB67GRLX37024063009760,Donna James,Oklahoma
GB82VEYV84791653484705,Michael Grant,Florida
GB34QKQR55208767408660,Joan Mann,Oklahoma
GB87YEQQ62651668593432,Albert Beltran,California
GB56MGUN22339390677472,Kristen Pierce,Florida
GB24FTKS49552879209956,Joseph Norton,Florida
GB18ZSFB29696792799863,Christopher Bruce,Nevada
GB64ZHAB83088038422136,Phillip Campos,Texas
GB84NLIG43600205884678,Mrs. Amber Lynch,Oklahoma
GB90ZIBH23625979622064,Duane Mcdonald,Nevada
GB98SIER51127411985778,Bradley Fleming,Virginia
GB75CROD02314867916529,Crystal Jenkins,Nevada
GB95GJCM32641748853519,Cameron Carroll,Virginia
GB79MFIG20025657878933,Mark Ball,Louisiana
GB31MTZF95952174600504,Dennis Barajas,Florida
GB81HQHR43587419987217,Shannon Ross,California
GB38XNUA98530271334261,Laura Boyle,Florida
GB66TEXK38614322748934,Jennifer Reynolds,Louisiana
GB93RSEJ63163820618752,Gregory Brown,Florida
GB45CKMA79544000550056,Cheryl Cochran,Nevada
GB36OXWV76643765636459,Brenda Jones,California
GB24ZGLO40301835113857,Kristin Wagner,New York
GB53XRTC81736279124297,Darryl Ayala,Indiana
GB61IZEK36152557483022,Lauren Jones,Texas
GB98POSI18688112510606,Ms. Emma Kelley,Washington
GB08ANRW13231624883876,Victoria Evans,Indiana
GB92GCWP12834551688139,Ryan Steele,Texas
GB85RJHD35749136571176,Troy Smith,Louisiana
GB06GWJB68374303956147,Jerry Sandoval,Nevada
GB46GVBI51926108842884,Manuel Smith,Washington
GB08ILBW37628962747148,Lisa Nunez,Indiana
GB04YVJZ70546386960047,Natasha Anderson DDS,Nevada
GB77NVWD03995035753757,Cynthia Beck,New York
GB38CJGY29114758630221,Daniel Pineda,Florida
GB28YAVA90766355029042,Tina Evans,Texas
GB12NXUB39665181260034,Michael Garcia,Texas
GB64ZYVD59333434549318,James Johnston,California
GB89LVPQ76102212690587,Ethan Nelson,Indiana
GB33WFUH09294538147097,Elizabeth Ramirez,Virginia
GB49UFJA26734771662899,Robin Brown,Oklahoma
GB20VVHB92524547863458,Melanie Thomas,New York
GB80UUAR00379503034764,Robert Stein,Virginia
GB20UEJI80297332863346,Lisa Wilkerson,New York
GB84LGPT78311943273030,Glen Allen,Washington
GB02EEXX59226934356364,Robyn Romero,New York
GB51THBN91286931125572,Tiffany Larson,Florida
GB29KSSY82652387810262,James Weber,Virginia
GB58EWOC02785946214106,Kimberly Bruce,Indiana
GB34FFPD94171023597433,Morgan Brown,Virginia
GB12ERCO23309442428238,Paula Arroyo,Florida
GB82ZTLS74015372211218,Chad Castillo,Virginia
GB32GEBL11235608661805,Henry Greene,Indiana
GB18WKTT23533509097565,Sherry Anderson,Virginia
GB08MWGD05016835716539,Lisa Manning,Texas
GB23WHVO43897083941170,Alexander Dixon,Washington
GB45RNKR67821220762758,Miranda Valdez,Indiana
GB81MMLB88145999819056,Cheryl Mayer,New York
GB87KXEO78049900131717,Lucas Chapman,Virginia
